sex,geo,year,labour_force,id
Females,Austria,1995,1651.7,1
Females,Austria,1996,1641.4,2
Females,Austria,1997,1644.4,3
Females,Austria,1998,1667.6,4
Females,Austria,1999,1681.1,5
Females,Austria,2000,1686.5,6
Females,Austria,2001,1689.9,7
Females,Austria,2002,1723.6,8
Females,Austria,2003,1747.7,9
Females,Austria,2004,1733.7,10
Females,Austria,2005,1794.8,11
Females,Austria,2006,1828.2,12
Females,Austria,2007,1863,13
Females,Austria,2008,1891.2,14
Females,Austria,2009,1921.1,15
Females,Austria,2010,1931.1,16
Females,Austria,2011,1952.9,17
Females,Austria,2012,1980.6,18
Females,Austria,2013,2004,19
Females,Austria,2014,2018.1,20
Females,Austria,2015,2032.4,21
Females,Austria,2016,2071.9,22
Females,Austria,2017,2083,23
Females,Austria,2018,2091.9,24
Females,Austria,2019,2106.3,25
Females,Austria,2020,2104.7,26
Females,Austria,2021,2119.2,27
Females,Austria,2022,2157.2,28
Females,Austria,2023,2186.2,29
Females,Bosnia and Herzegovina,2021,537.8,30
Females,Bosnia and Herzegovina,2022,528.1,31
Females,Bosnia and Herzegovina,2023,531.5,32
Females,Belgium,1995,1720.9,33
Females,Belgium,1996,1729.5,34
Females,Belgium,1997,1758.8,35
Females,Belgium,1998,1791.2,36
Females,Belgium,1999,1864,37
Females,Belgium,2000,1887.9,38
Females,Belgium,2001,1820.1,39
Females,Belgium,2002,1860.1,40
Females,Belgium,2003,1882.7,41
Females,Belgium,2004,1955.1,42
Females,Belgium,2005,2032,43
Females,Belgium,2006,2053.9,44
Females,Belgium,2007,2105.6,45
Females,Belgium,2008,2138.1,46
Females,Belgium,2009,2159.4,47
Females,Belgium,2010,2206.8,48
Females,Belgium,2011,2194.1,49
Females,Belgium,2012,2210.3,50
Females,Belgium,2013,2249.5,51
Females,Belgium,2014,2276.5,52
Females,Belgium,2015,2280.8,53
Females,Belgium,2016,2280.6,54
Females,Belgium,2017,2288.6,55
Females,Belgium,2018,2335.1,56
Females,Belgium,2019,2362.1,57
Females,Belgium,2020,2352,58
Females,Belgium,2021,2400,59
Females,Belgium,2022,2460.4,60
Females,Belgium,2023,2472.5,61
Females,Bulgaria,2000,1579.1,62
Females,Bulgaria,2001,1609.2,63
Females,Bulgaria,2002,1597.2,64
Females,Bulgaria,2003,1537.4,65
Females,Bulgaria,2004,1563.1,66
Females,Bulgaria,2005,1529.9,67
Females,Bulgaria,2006,1594.6,68
Females,Bulgaria,2007,1627.6,69
Females,Bulgaria,2008,1645.9,70
Females,Bulgaria,2009,1613.5,71
Females,Bulgaria,2010,1575,72
Females,Bulgaria,2011,1542.7,73
Females,Bulgaria,2012,1546.2,74
Females,Bulgaria,2013,1556.5,75
Females,Bulgaria,2014,1545.6,76
Females,Bulgaria,2015,1531.8,77
Females,Bulgaria,2016,1489.8,78
Females,Bulgaria,2017,1526.4,79
Females,Bulgaria,2018,1502.8,80
Females,Bulgaria,2019,1435.5,81
Females,Bulgaria,2020,1390.1,82
Females,Bulgaria,2021,1372.6,83
Females,Bulgaria,2022,1393.4,84
Females,Bulgaria,2023,1391.6,85
Females,Switzerland,1996,1670.2,86
Females,Switzerland,1997,1680.1,87
Females,Switzerland,1998,1718,88
Females,Switzerland,1999,1727.1,89
Females,Switzerland,2000,1721.3,90
Females,Switzerland,2001,1771.1,91
Females,Switzerland,2002,1805.8,92
Females,Switzerland,2003,1830.7,93
Females,Switzerland,2004,1841.5,94
Females,Switzerland,2005,1865.7,95
Females,Switzerland,2006,1890,96
Females,Switzerland,2007,1910.2,97
Females,Switzerland,2008,1972.2,98
Females,Switzerland,2009,2007,99
Females,Switzerland,2010,1976.4,100
Females,Switzerland,2011,2014.8,101
Females,Switzerland,2012,2043.4,102
Females,Switzerland,2013,2070.2,103
Females,Switzerland,2014,2115.1,104
Females,Switzerland,2015,2149.3,105
Females,Switzerland,2016,2186.9,106
Females,Switzerland,2017,2192.8,107
Females,Switzerland,2018,2216,108
Females,Switzerland,2019,2233.5,109
Females,Switzerland,2020,2237.7,110
Females,Switzerland,2021,2251.3,111
Females,Switzerland,2022,2252.4,112
Females,Switzerland,2023,2286.8,113
Females,Cyprus,1999,112.1,114
Females,Cyprus,2000,129.9,115
Females,Cyprus,2001,139.5,116
Females,Cyprus,2002,142.9,117
Females,Cyprus,2003,150.4,118
Females,Cyprus,2004,153.3,119
Females,Cyprus,2005,158.8,120
Females,Cyprus,2006,163.7,121
Females,Cyprus,2007,174.3,122
Females,Cyprus,2008,175.9,123
Females,Cyprus,2009,185.2,124
Females,Cyprus,2010,195.8,125
Females,Cyprus,2011,201.7,126
Females,Cyprus,2012,203.7,127
Females,Cyprus,2013,203.9,128
Females,Cyprus,2014,207,129
Females,Cyprus,2015,202.3,130
Females,Cyprus,2016,198.6,131
Females,Cyprus,2017,202.4,132
Females,Cyprus,2018,206.5,133
Females,Cyprus,2019,212.8,134
Females,Cyprus,2020,212.9,135
Females,Cyprus,2021,222,136
Females,Cyprus,2022,233.7,137
Females,Cyprus,2023,241.9,138
Females,Czechia,1997,2246.1,139
Females,Czechia,1998,2263.3,140
Females,Czechia,1999,2276.6,141
Females,Czechia,2000,2272.3,142
Females,Czechia,2001,2251.8,143
Females,Czechia,2002,2240.6,144
Females,Czechia,2003,2252.9,145
Females,Czechia,2004,2244.5,146
Females,Czechia,2005,2261.7,147
Females,Czechia,2006,2266.8,148
Females,Czechia,2007,2244.1,149
Females,Czechia,2008,2240.7,150
Females,Czechia,2009,2257.1,151
Females,Czechia,2010,2249.2,152
Females,Czechia,2011,2242.4,153
Females,Czechia,2012,2266.2,154
Females,Czechia,2013,2296.6,155
Females,Czechia,2014,2291.6,156
Females,Czechia,2015,2301.2,157
Females,Czechia,2016,2320.6,158
Females,Czechia,2017,2336,159
Females,Czechia,2018,2352.1,160
Females,Czechia,2019,2345,161
Females,Czechia,2020,2315,162
Females,Czechia,2021,2317.9,163
Females,Czechia,2022,2288.1,164
Females,Czechia,2023,2214.3,165
Females,Germany,1995,16598.2,166
Females,Germany,1996,16722.3,167
Females,Germany,1997,16795.3,168
Females,Germany,1998,16974,169
Females,Germany,1999,17187.9,170
Females,Germany,2000,17221.8,171
Females,Germany,2001,17371.4,172
Females,Germany,2002,17458.9,173
Females,Germany,2003,17644.1,174
Females,Germany,2004,17578.8,175
Females,Germany,2005,18210.3,176
Females,Germany,2006,18537.5,177
Females,Germany,2007,18679.2,178
Females,Germany,2008,18718.9,179
Females,Germany,2009,18797.6,180
Females,Germany,2010,18537.5,181
Females,Germany,2011,18768.6,182
Females,Germany,2012,18794,183
Females,Germany,2013,19003.4,184
Females,Germany,2014,19108.5,185
Females,Germany,2015,19191.3,186
Females,Germany,2016,19532.8,187
Females,Germany,2017,19589.7,188
Females,Germany,2018,19609.3,189
Females,Germany,2019,19808.6,190
Females,Germany,2020,19565.4,191
Females,Germany,2021,19437.4,192
Females,Germany,2022,19834.5,193
Females,Germany,2023,20055.7,194
Females,Denmark,1995,1266.4,195
Females,Denmark,1996,1278.9,196
Females,Denmark,1997,1290.3,197
Females,Denmark,1998,1306.7,198
Females,Denmark,1999,1319.8,199
Females,Denmark,2000,1324.4,200
Females,Denmark,2001,1308,201
Females,Denmark,2002,1328.5,202
Females,Denmark,2003,1312.2,203
Females,Denmark,2004,1339.4,204
Females,Denmark,2005,1341.2,205
Females,Denmark,2006,1359.5,206
Females,Denmark,2007,1355.9,207
Females,Denmark,2008,1347.7,208
Females,Denmark,2009,1348.4,209
Females,Denmark,2010,1339.4,210
Females,Denmark,2011,1337.1,211
Females,Denmark,2012,1332.2,212
Females,Denmark,2013,1328.8,213
Females,Denmark,2014,1320.6,214
Females,Denmark,2015,1328.8,215
Females,Denmark,2016,1356,216
Females,Denmark,2017,1368.9,217
Females,Denmark,2018,1377.8,218
Females,Denmark,2019,1395.1,219
Females,Denmark,2020,1393.9,220
Females,Denmark,2021,1403.2,221
Females,Denmark,2022,1443,222
Females,Denmark,2023,1462.4,223
Females,Estonia,1997,319.1,224
Females,Estonia,1998,318.8,225
Females,Estonia,1999,310.5,226
Females,Estonia,2000,321,227
Females,Estonia,2001,317.6,228
Females,Estonia,2002,308.7,229
Females,Estonia,2003,315.9,230
Females,Estonia,2004,321.2,231
Females,Estonia,2005,321.5,232
Females,Estonia,2006,327.6,233
Females,Estonia,2007,321.1,234
Females,Estonia,2008,325.9,235
Females,Estonia,2009,325.8,236
Females,Estonia,2010,326.2,237
Females,Estonia,2011,325.4,238
Females,Estonia,2012,321.2,239
Females,Estonia,2013,319,240
Females,Estonia,2014,312.7,241
Females,Estonia,2015,314.3,242
Females,Estonia,2016,313.8,243
Females,Estonia,2017,318.2,244
Females,Estonia,2018,318.1,245
Females,Estonia,2019,317.5,246
Females,Estonia,2020,317.2,247
Females,Estonia,2021,319.1,248
Females,Estonia,2022,329.7,249
Females,Estonia,2023,347.2,250
Females,Greece,1995,1554.1,251
Females,Greece,1996,1613.8,252
Females,Greece,1997,1625.2,253
Females,Greece,1998,1725,254
Females,Greece,1999,1789,255
Females,Greece,2000,1804.7,256
Females,Greece,2001,1830.1,257
Females,Greece,2002,1868.7,258
Females,Greece,2003,1908.3,259
Females,Greece,2004,1986.2,260
Females,Greece,2005,2000.4,261
Females,Greece,2006,2024.4,262
Females,Greece,2007,2027.5,263
Females,Greece,2008,2038.2,264
Females,Greece,2009,2089.5,265
Females,Greece,2010,2113.7,266
Females,Greece,2011,2096.3,267
Females,Greece,2012,2109.2,268
Females,Greece,2013,2091.9,269
Females,Greece,2014,2101.1,270
Females,Greece,2015,2116.7,271
Females,Greece,2016,2118.9,272
Females,Greece,2017,2095.5,273
Females,Greece,2018,2067.5,274
Females,Greece,2019,2063.2,275
Females,Greece,2020,2012.7,276
Females,Greece,2021,2006,277
Females,Greece,2022,2050,278
Females,Greece,2023,2047.7,279
Females,Spain,1995,6088.6,280
Females,Spain,1996,6238,281
Females,Spain,1997,6441.4,282
Females,Spain,1998,6553.5,283
Females,Spain,1999,6726.8,284
Females,Spain,2000,7072.6,285
Females,Spain,2001,6964.3,286
Females,Spain,2002,7544.8,287
Females,Spain,2003,7937.2,288
Females,Spain,2004,8308.4,289
Females,Spain,2005,8727.2,290
Females,Spain,2006,9124.5,291
Females,Spain,2007,9487.6,292
Females,Spain,2008,9882.1,293
Females,Spain,2009,10166.6,294
Females,Spain,2010,10339.7,295
Females,Spain,2011,10507.8,296
Females,Spain,2012,10633.4,297
Females,Spain,2013,10606.3,298
Females,Spain,2014,10537.1,299
Females,Spain,2015,10535.4,300
Females,Spain,2016,10536.4,301
Females,Spain,2017,10494.5,302
Females,Spain,2018,10517.8,303
Females,Spain,2019,10659,304
Females,Spain,2020,10513.3,305
Females,Spain,2021,10811.8,306
Females,Spain,2022,10935.3,307
Females,Spain,2023,11223.4,308
Females,Finland,1995,1155.5,309
Females,Finland,1996,1161.8,310
Females,Finland,1997,1181.5,311
Females,Finland,1998,1190.5,312
Females,Finland,1999,1263.3,313
Females,Finland,2000,1271.1,314
Females,Finland,2001,1281,315
Females,Finland,2002,1288.2,316
Females,Finland,2003,1283.1,317
Females,Finland,2004,1277.9,318
Females,Finland,2005,1258.8,319
Females,Finland,2006,1270.3,320
Females,Finland,2007,1284.2,321
Females,Finland,2008,1292.8,322
Females,Finland,2009,1289,323
Females,Finland,2010,1274.2,324
Females,Finland,2011,1270.6,325
Females,Finland,2012,1278.1,326
Females,Finland,2013,1272.4,327
Females,Finland,2014,1273.6,328
Females,Finland,2015,1276.8,329
Females,Finland,2016,1264.7,330
Females,Finland,2017,1273.1,331
Females,Finland,2018,1290.3,332
Females,Finland,2019,1290.1,333
Females,Finland,2020,1285.2,334
Females,Finland,2021,1290.9,335
Females,Finland,2022,1320.5,336
Females,Finland,2023,1332.3,337
Females,France,1995,11272.3,338
Females,France,1996,11425.2,339
Females,France,1997,11404.1,340
Females,France,1998,11561.3,341
Females,France,1999,11697.7,342
Females,France,2000,11807.7,343
Females,France,2001,11846,344
Females,France,2002,11957.3,345
Females,France,2003,12475.5,346
Females,France,2004,12524.5,347
Females,France,2005,12767.2,348
Females,France,2006,12890.6,349
Females,France,2007,13050.2,350
Females,France,2008,13163.3,351
Females,France,2009,13314,352
Females,France,2010,13369.8,353
Females,France,2011,13374.7,354
Females,France,2012,13466.7,355
Females,France,2013,13587.7,356
Females,France,2014,14017.9,357
Females,France,2015,14065.1,358
Females,France,2016,14106.5,359
Females,France,2017,14087.7,360
Females,France,2018,14188.6,361
Females,France,2019,14185.2,362
Females,France,2020,14056.4,363
Females,France,2021,14495.2,364
Females,France,2022,14700.3,365
Females,France,2023,14833.4,366
Females,Croatia,2002,793.6,367
Females,Croatia,2003,779.7,368
Females,Croatia,2004,800,369
Females,Croatia,2005,789.5,370
Females,Croatia,2006,791.5,371
Females,Croatia,2007,840.9,372
Females,Croatia,2008,849,373
Females,Croatia,2009,867.1,374
Females,Croatia,2010,857.5,375
Females,Croatia,2011,827.5,376
Females,Croatia,2012,825.3,377
Females,Croatia,2013,826,378
Females,Croatia,2014,855.3,379
Females,Croatia,2015,856.7,380
Females,Croatia,2016,823.2,381
Females,Croatia,2017,812.6,382
Females,Croatia,2018,798,383
Females,Croatia,2019,782.2,384
Females,Croatia,2020,771.3,385
Females,Croatia,2021,788.1,386
Females,Croatia,2022,800.3,387
Females,Croatia,2023,801.5,388
Females,Hungary,1996,1743.5,389
Females,Hungary,1997,1706.7,390
Females,Hungary,1998,1769.9,391
Females,Hungary,1999,1807.8,392
Females,Hungary,2000,1809.7,393
Females,Hungary,2001,1830.2,394
Females,Hungary,2002,1842.7,395
Females,Hungary,2003,1885.4,396
Females,Hungary,2004,1876.8,397
Females,Hungary,2005,1920,398
Females,Hungary,2006,1934.5,399
Females,Hungary,2007,1909,400
Females,Hungary,2008,1894.5,401
Females,Hungary,2009,1896.4,402
Females,Hungary,2010,1934,403
Females,Hungary,2011,1937.7,404
Females,Hungary,2012,1974.4,405
Females,Hungary,2013,1976.7,406
Females,Hungary,2014,2028.5,407
Females,Hungary,2015,2057.2,408
Females,Hungary,2016,2078.5,409
Females,Hungary,2017,2079.5,410
Females,Hungary,2018,2064.5,411
Females,Hungary,2019,2053.4,412
Females,Hungary,2020,2029.2,413
Females,Hungary,2021,2186.4,414
Females,Hungary,2022,2207.9,415
Females,Hungary,2023,2233,416
Females,Ireland,1995,532.8,417
Females,Ireland,1996,561.4,418
Females,Ireland,1997,588.9,419
Females,Ireland,1998,633.2,420
Females,Ireland,1999,672.5,421
Females,Ireland,2000,701.9,422
Females,Ireland,2001,721.5,423
Females,Ireland,2002,757.3,424
Females,Ireland,2003,775.5,425
Females,Ireland,2004,794,426
Females,Ireland,2005,854.4,427
Females,Ireland,2006,893.2,428
Females,Ireland,2007,994.4,429
Females,Ireland,2008,1013.7,430
Females,Ireland,2009,1009.4,431
Females,Ireland,2010,995.4,432
Females,Ireland,2011,991,433
Females,Ireland,2012,991.8,434
Females,Ireland,2013,1004.1,435
Females,Ireland,2014,1005.7,436
Females,Ireland,2015,1014,437
Females,Ireland,2016,1039,438
Females,Ireland,2017,1055.3,439
Females,Ireland,2018,1075.1,440
Females,Ireland,2019,1094.3,441
Females,Ireland,2020,1086.4,442
Females,Ireland,2021,1171.6,443
Females,Ireland,2022,1233.3,444
Females,Ireland,2023,1283.2,445
Females,Iceland,1995,66,446
Females,Iceland,1996,64.6,447
Females,Iceland,1997,64,448
Females,Iceland,1998,66.7,449
Females,Iceland,1999,69.2,450
Females,Iceland,2000,73,451
Females,Iceland,2001,72.8,452
Females,Iceland,2002,73.1,453
Females,Iceland,2003,74.6,454
Females,Iceland,2004,73.5,455
Females,Iceland,2005,74.7,456
Females,Iceland,2006,77.1,457
Females,Iceland,2007,78.9,458
Females,Iceland,2008,80,459
Females,Iceland,2009,80.7,460
Females,Iceland,2010,82.2,461
Females,Iceland,2011,82.1,462
Females,Iceland,2012,82.4,463
Females,Iceland,2013,83.9,464
Females,Iceland,2014,85.8,465
Females,Iceland,2015,87.5,466
Females,Iceland,2016,88.1,467
Females,Iceland,2017,88.9,468
Females,Iceland,2018,90,469
Females,Iceland,2019,92.3,470
Females,Iceland,2020,91.2,471
Females,Iceland,2021,92.1,472
Females,Iceland,2022,96.4,473
Females,Iceland,2023,98.9,474
Females,Italy,1995,8277.9,475
Females,Italy,1996,8409.9,476
Females,Italy,1997,8511.2,477
Females,Italy,1998,8667.2,478
Females,Italy,1999,8853,479
Females,Italy,2000,8968.1,480
Females,Italy,2001,9126.1,481
Females,Italy,2002,9301.5,482
Females,Italy,2003,9436.5,483
Females,Italy,2004,9726.1,484
Females,Italy,2005,9718.5,485
Females,Italy,2006,9789.3,486
Females,Italy,2007,9773.7,487
Females,Italy,2008,10043.5,488
Females,Italy,2009,10000.4,489
Females,Italy,2010,10034.1,490
Females,Italy,2011,10141,491
Females,Italy,2012,10529.9,492
Females,Italy,2013,10563.4,493
Females,Italy,2014,10712,494
Females,Italy,2015,10615.2,495
Females,Italy,2016,10779,496
Females,Italy,2017,10872.5,497
Females,Italy,2018,10771,498
Females,Italy,2019,10774.2,499
Females,Italy,2020,10359.8,500
Females,Italy,2021,10415.7,501
Females,Italy,2022,10525.7,502
Females,Italy,2023,10691.9,503
Females,Lithuania,1998,802.3,504
Females,Lithuania,1999,824.4,505
Females,Lithuania,2000,814.4,506
Females,Lithuania,2001,799.7,507
Females,Lithuania,2002,788,508
Females,Lithuania,2003,827.1,509
Females,Lithuania,2004,773,510
Females,Lithuania,2005,759.2,511
Females,Lithuania,2006,739.5,512
Females,Lithuania,2007,735.6,513
Females,Lithuania,2008,735.8,514
Females,Lithuania,2009,754.2,515
Females,Lithuania,2010,757,516
Females,Lithuania,2011,731.8,517
Females,Lithuania,2012,727.9,518
Females,Lithuania,2013,720.7,519
Females,Lithuania,2014,724.2,520
Females,Lithuania,2015,723.7,521
Females,Lithuania,2016,724,522
Females,Lithuania,2017,711.3,523
Females,Lithuania,2018,708.8,524
Females,Lithuania,2019,709,525
Females,Lithuania,2020,703.9,526
Females,Lithuania,2021,697.8,527
Females,Lithuania,2022,732.3,528
Females,Lithuania,2023,731.7,529
Females,Luxembourg,1995,59.8,530
Females,Luxembourg,1996,62.8,531
Females,Luxembourg,1997,65.3,532
Females,Luxembourg,1998,66.5,533
Females,Luxembourg,1999,70.9,534
Females,Luxembourg,2000,73.1,535
Females,Luxembourg,2001,75.6,536
Females,Luxembourg,2002,78.1,537
Females,Luxembourg,2003,79.3,538
Females,Luxembourg,2004,83.1,539
Females,Luxembourg,2005,85.9,540
Females,Luxembourg,2006,89.8,541
Females,Luxembourg,2007,93.5,542
Females,Luxembourg,2008,92.1,543
Females,Luxembourg,2009,98.6,544
Females,Luxembourg,2010,100.2,545
Females,Luxembourg,2011,103.1,546
Females,Luxembourg,2012,109.9,547
Females,Luxembourg,2013,111.7,548
Females,Luxembourg,2014,115.5,549
Females,Luxembourg,2015,124.6,550
Females,Luxembourg,2016,125.8,551
Females,Luxembourg,2017,132.6,552
Females,Luxembourg,2018,137.3,553
Females,Luxembourg,2019,139.7,554
Females,Luxembourg,2020,145.5,555
Females,Luxembourg,2021,149.6,556
Females,Luxembourg,2022,151.8,557
Females,Luxembourg,2023,156.6,558
Females,Latvia,1998,538.6,559
Females,Latvia,1999,520.6,560
Females,Latvia,2000,515,561
Females,Latvia,2001,519.6,562
Females,Latvia,2002,528.7,563
Females,Latvia,2003,524.2,564
Females,Latvia,2004,515.4,565
Females,Latvia,2005,514.4,566
Females,Latvia,2006,521.7,567
Females,Latvia,2007,526.5,568
Females,Latvia,2008,540.7,569
Females,Latvia,2009,534.1,570
Females,Latvia,2010,522.5,571
Females,Latvia,2011,504.6,572
Females,Latvia,2012,506.7,573
Females,Latvia,2013,494.7,574
Females,Latvia,2014,480.1,575
Females,Latvia,2015,478.9,576
Females,Latvia,2016,478.4,577
Females,Latvia,2017,471.2,578
Females,Latvia,2018,470,579
Females,Latvia,2019,462.7,580
Females,Latvia,2020,461.2,581
Females,Latvia,2021,438.4,582
Females,Latvia,2022,448.8,583
Females,Latvia,2023,442.7,584
Females,Montenegro,2011,106.3,585
Females,Montenegro,2012,111,586
Females,Montenegro,2013,111.5,587
Females,Montenegro,2014,117.4,588
Females,Montenegro,2015,120.1,589
Females,Montenegro,2016,119.4,590
Females,Montenegro,2017,119.1,591
Females,Montenegro,2018,120.6,592
Females,Montenegro,2019,125,593
Females,Montenegro,2020,115.7,594
Females,North Macedonia,2006,345.3,595
Females,North Macedonia,2007,356.3,596
Females,North Macedonia,2008,355.2,597
Females,North Macedonia,2009,355.4,598
Females,North Macedonia,2010,360.2,599
Females,North Macedonia,2011,367.4,600
Females,North Macedonia,2012,366.6,601
Females,North Macedonia,2013,379.6,602
Females,North Macedonia,2014,377.4,603
Females,North Macedonia,2015,373,604
Females,North Macedonia,2016,364,605
Females,North Macedonia,2017,368.9,606
Females,North Macedonia,2018,371.4,607
Females,North Macedonia,2019,388.7,608
Females,North Macedonia,2020,381.2,609
Females,Malta,2000,46.5,610
Females,Malta,2001,47.3,611
Females,Malta,2002,50.2,612
Females,Malta,2003,49.9,613
Females,Malta,2004,46.8,614
Females,Malta,2005,49.9,615
Females,Malta,2006,50.7,616
Females,Malta,2007,54.3,617
Females,Malta,2008,56.6,618
Females,Malta,2009,57.9,619
Females,Malta,2010,59.8,620
Females,Malta,2011,62.7,621
Females,Malta,2012,68.7,622
Females,Malta,2013,73.4,623
Females,Malta,2014,77.7,624
Females,Malta,2015,80.8,625
Females,Malta,2016,85.8,626
Females,Malta,2017,91.3,627
Females,Malta,2018,98.8,628
Females,Malta,2019,103.7,629
Females,Malta,2020,108.5,630
Females,Malta,2021,111,631
Females,Malta,2022,120,632
Females,Malta,2023,125.6,633
Females,Netherlands,1995,3008.9,634
Females,Netherlands,1996,3087.4,635
Females,Netherlands,1997,3186.3,636
Females,Netherlands,1998,3264.1,637
Females,Netherlands,1999,3382.6,638
Females,Netherlands,2000,3471.7,639
Females,Netherlands,2001,3566.6,640
Females,Netherlands,2002,3642.1,641
Females,Netherlands,2003,3696.9,642
Females,Netherlands,2004,3746.2,643
Females,Netherlands,2005,3673.5,644
Females,Netherlands,2006,3720.4,645
Females,Netherlands,2007,3820.2,646
Females,Netherlands,2008,3897.3,647
Females,Netherlands,2009,3944.1,648
Females,Netherlands,2010,3967.4,649
Females,Netherlands,2011,3992.5,650
Females,Netherlands,2012,4052.6,651
Females,Netherlands,2013,4079.4,652
Females,Netherlands,2014,4039.5,653
Females,Netherlands,2015,4077.9,654
Females,Netherlands,2016,4108.8,655
Females,Netherlands,2017,4145.5,656
Females,Netherlands,2018,4184.9,657
Females,Netherlands,2019,4247.4,658
Females,Netherlands,2020,4278.1,659
Females,Netherlands,2021,4472.1,660
Females,Netherlands,2022,4566.1,661
Females,Netherlands,2023,4650.1,662
Females,Norway,1995,999.7,663
Females,Norway,1996,1020,664
Females,Norway,1997,1046,665
Females,Norway,1998,1074.3,666
Females,Norway,1999,1076.5,667
Females,Norway,2000,1085.5,668
Females,Norway,2001,1093.7,669
Females,Norway,2002,1113.8,670
Females,Norway,2003,1098.8,671
Females,Norway,2004,1106.9,672
Females,Norway,2005,1108.4,673
Females,Norway,2006,1130.6,674
Females,Norway,2007,1160.4,675
Females,Norway,2008,1195.9,676
Females,Norway,2009,1196.5,677
Females,Norway,2010,1194.9,678
Females,Norway,2011,1210.9,679
Females,Norway,2012,1224,680
Females,Norway,2013,1239.4,681
Females,Norway,2014,1250.2,682
Females,Norway,2015,1262,683
Females,Norway,2016,1267.9,684
Females,Norway,2017,1264.3,685
Females,Norway,2018,1272.3,686
Females,Norway,2019,1284.3,687
Females,Norway,2020,1291.5,688
Females,Norway,2021,1322.1,689
Females,Norway,2022,1337.1,690
Females,Norway,2023,1360.8,691
Females,Poland,1997,7518.9,692
Females,Poland,1998,7570.5,693
Females,Poland,1999,7622.3,694
Females,Poland,2000,7858.5,695
Females,Poland,2001,7948.4,696
Females,Poland,2002,7808.3,697
Females,Poland,2003,7665.3,698
Females,Poland,2004,7601.1,699
Females,Poland,2005,7682.3,700
Females,Poland,2006,7551.6,701
Females,Poland,2007,7524.2,702
Females,Poland,2008,7594.8,703
Females,Poland,2009,7728.3,704
Females,Poland,2010,7581.9,705
Females,Poland,2011,7618.1,706
Females,Poland,2012,7691.1,707
Females,Poland,2013,7692,708
Females,Poland,2014,7734.3,709
Females,Poland,2015,7722.6,710
Females,Poland,2016,7645.6,711
Females,Poland,2017,7615.5,712
Females,Poland,2018,7576.6,713
Females,Poland,2019,7688.3,714
Females,Poland,2020,7659.4,715
Females,Poland,2021,7863.5,716
Females,Poland,2022,7924.5,717
Females,Poland,2023,8007.5,718
Females,Portugal,1995,2060,719
Females,Portugal,1996,2070,720
Females,Portugal,1997,2094.5,721
Females,Portugal,1998,2178.6,722
Females,Portugal,1999,2213.9,723
Females,Portugal,2000,2248.8,724
Females,Portugal,2001,2292.7,725
Females,Portugal,2002,2329.8,726
Females,Portugal,2003,2376.7,727
Females,Portugal,2004,2377.3,728
Females,Portugal,2005,2422.1,729
Females,Portugal,2006,2442.8,730
Females,Portugal,2007,2464.9,731
Females,Portugal,2008,2472.6,732
Females,Portugal,2009,2473,733
Females,Portugal,2010,2499,734
Females,Portugal,2011,2483,735
Females,Portugal,2012,2474.5,736
Females,Portugal,2013,2459.1,737
Females,Portugal,2014,2448.8,738
Females,Portugal,2015,2446.3,739
Females,Portugal,2016,2441.6,740
Females,Portugal,2017,2465.6,741
Females,Portugal,2018,2476.5,742
Females,Portugal,2019,2485,743
Females,Portugal,2020,2436.5,744
Females,Portugal,2021,2451.8,745
Females,Portugal,2022,2510.4,746
Females,Portugal,2023,2574.2,747
Females,Romania,1997,5032.5,748
Females,Romania,1998,4934,749
Females,Romania,1999,4914.1,750
Females,Romania,2000,4903.9,751
Females,Romania,2001,4821.4,752
Females,Romania,2002,4465.6,753
Females,Romania,2003,4272.3,754
Females,Romania,2004,4312.5,755
Females,Romania,2005,4175.6,756
Females,Romania,2006,4278.5,757
Females,Romania,2007,4222.2,758
Females,Romania,2008,4163.8,759
Females,Romania,2009,4172.1,760
Females,Romania,2010,3870.2,761
Females,Romania,2011,3846.5,762
Females,Romania,2012,3845.9,763
Females,Romania,2013,3811,764
Females,Romania,2014,3821.9,765
Females,Romania,2015,3759.2,766
Females,Romania,2016,3689.5,767
Females,Romania,2017,3778.2,768
Females,Romania,2018,3725.2,769
Females,Romania,2019,3711.9,770
Females,Romania,2020,3682.7,771
Females,Romania,2021,3372.5,772
Females,Romania,2022,3457.7,773
Females,Romania,2023,3429.3,774
Females,Serbia,2010,1230.7,775
Females,Serbia,2011,1204.9,776
Females,Serbia,2012,1205.2,777
Females,Serbia,2013,1232.9,778
Females,Serbia,2014,1338.2,779
Females,Serbia,2015,1324.7,780
Females,Serbia,2016,1363.1,781
Females,Serbia,2017,1380.2,782
Females,Serbia,2018,1386.2,783
Females,Serbia,2019,1382,784
Females,Serbia,2020,1352.3,785
Females,Serbia,2021,1344.4,786
Females,Serbia,2022,1357.3,787
Females,Serbia,2023,1375.8,788
Females,Sweden,1995,2100.2,789
Females,Sweden,1996,2085.7,790
Females,Sweden,1997,2057.2,791
Females,Sweden,1998,2008.8,792
Females,Sweden,1999,2062.4,793
Females,Sweden,2000,2055.3,794
Females,Sweden,2001,2142.9,795
Females,Sweden,2002,2159.7,796
Females,Sweden,2003,2176.6,797
Females,Sweden,2004,2175.3,798
Females,Sweden,2005,2202.5,799
Females,Sweden,2006,2235.4,800
Females,Sweden,2007,2268.2,801
Females,Sweden,2008,2288.8,802
Females,Sweden,2009,2285.8,803
Females,Sweden,2010,2288.9,804
Females,Sweden,2011,2325.8,805
Females,Sweden,2012,2342.4,806
Females,Sweden,2013,2370.9,807
Females,Sweden,2014,2393.2,808
Females,Sweden,2015,2419.6,809
Females,Sweden,2016,2441.8,810
Females,Sweden,2017,2481.3,811
Females,Sweden,2018,2512.9,812
Females,Sweden,2019,2537.5,813
Females,Sweden,2020,2525,814
Females,Sweden,2021,2536.6,815
Females,Sweden,2022,2574,816
Females,Sweden,2023,2623.7,817
Females,Slovenia,1996,428.4,818
Females,Slovenia,1997,430.8,819
Females,Slovenia,1998,439.9,820
Females,Slovenia,1999,428.7,821
Females,Slovenia,2000,434.5,822
Females,Slovenia,2001,432.1,823
Females,Slovenia,2002,440.1,824
Females,Slovenia,2003,430.3,825
Females,Slovenia,2004,454.8,826
Females,Slovenia,2005,455.8,827
Females,Slovenia,2006,461,828
Females,Slovenia,2007,460,829
Females,Slovenia,2008,466.3,830
Females,Slovenia,2009,466.3,831
Females,Slovenia,2010,465.5,832
Females,Slovenia,2011,458.5,833
Females,Slovenia,2012,460.1,834
Females,Slovenia,2013,454.2,835
Females,Slovenia,2014,455.8,836
Females,Slovenia,2015,456.4,837
Females,Slovenia,2016,458.4,838
Females,Slovenia,2017,473.2,839
Females,Slovenia,2018,470.3,840
Females,Slovenia,2019,469.3,841
Females,Slovenia,2020,468.9,842
Females,Slovenia,2021,462.2,843
Females,Slovenia,2022,462.7,844
Females,Slovenia,2023,460.6,845
Females,Slovakia,1998,1128.1,846
Females,Slovakia,1999,1150.1,847
Females,Slovakia,2000,1175.2,848
Females,Slovakia,2001,1199.1,849
Females,Slovakia,2002,1188,850
Females,Slovakia,2003,1193,851
Females,Slovakia,2004,1202,852
Females,Slovakia,2005,1184.3,853
Females,Slovakia,2006,1182.3,854
Females,Slovakia,2007,1182.2,855
Females,Slovakia,2008,1197.5,856
Females,Slovakia,2009,1189.2,857
Females,Slovakia,2010,1205.1,858
Females,Slovakia,2011,1179.5,859
Females,Slovakia,2012,1194.8,860
Females,Slovakia,2013,1205,861
Females,Slovakia,2014,1206.4,862
Females,Slovakia,2015,1226.4,863
Females,Slovakia,2016,1238.7,864
Females,Slovakia,2017,1236.8,865
Females,Slovakia,2018,1225.3,866
Females,Slovakia,2019,1223.1,867
Females,Slovakia,2020,1213.3,868
Females,Slovakia,2021,1272.2,869
Females,Slovakia,2022,1284.9,870
Females,Slovakia,2023,1282.1,871
Females,Türkiye,2006,5638.7,872
Females,Türkiye,2007,5746.7,873
Females,Türkiye,2008,6061.5,874
Females,Türkiye,2009,6552.2,875
Females,Türkiye,2010,7083.9,876
Females,Türkiye,2011,7558.9,877
Females,Türkiye,2012,7873,878
Females,Türkiye,2013,8353.6,879
Females,Türkiye,2014,8539,880
Females,Türkiye,2015,8993.1,881
Females,Türkiye,2016,9429.1,882
Females,Türkiye,2017,9929.8,883
Females,Türkiye,2018,10227.6,884
Females,Türkiye,2019,10440,885
Females,Türkiye,2020,9553.8,886
Females,Türkiye,2021,10323.6,887
Females,Türkiye,2022,11190.1,888
Females,Türkiye,2023,11544.4,889
Females,United Kingdom,1995,12308.9,890
Females,United Kingdom,1996,12437.9,891
Females,United Kingdom,1997,12558.3,892
Females,United Kingdom,1998,12590.6,893
Females,United Kingdom,1999,12755.8,894
Females,United Kingdom,2000,12920.2,895
Females,United Kingdom,2001,12989.7,896
Females,United Kingdom,2002,13155.4,897
Females,United Kingdom,2003,13217.4,898
Females,United Kingdom,2004,13389.2,899
Females,United Kingdom,2005,13622.7,900
Females,United Kingdom,2006,13864.1,901
Females,United Kingdom,2007,13937.1,902
Females,United Kingdom,2008,14107,903
Females,United Kingdom,2009,14206.7,904
Females,United Kingdom,2010,14261.5,905
Females,United Kingdom,2011,14390.2,906
Females,United Kingdom,2012,14510.3,907
Females,United Kingdom,2013,14648.6,908
Females,United Kingdom,2014,14778.2,909
Females,United Kingdom,2015,14903,910
Females,United Kingdom,2016,15043.1,911
Females,United Kingdom,2017,15211.5,912
Females,United Kingdom,2018,15340.4,913
Females,United Kingdom,2019,15469.3,914
Males,Austria,1995,2144.8,915
Males,Austria,1996,2137.6,916
Males,Austria,1997,2125,917
Males,Austria,1998,2134.2,918
Males,Austria,1999,2144.3,919
Males,Austria,2000,2142.4,920
Males,Austria,2001,2126,921
Males,Austria,2002,2099.4,922
Males,Austria,2003,2155.4,923
Males,Austria,2004,2069.3,924
Males,Austria,2005,2139.6,925
Males,Austria,2006,2165.8,926
Males,Austria,2007,2200.7,927
Males,Austria,2008,2209.3,928
Males,Austria,2009,2210.9,929
Males,Austria,2010,2216,930
Males,Austria,2011,2222.9,931
Males,Austria,2012,2241.3,932
Males,Austria,2013,2257.1,933
Males,Austria,2014,2260.4,934
Males,Austria,2015,2286.7,935
Males,Austria,2016,2340.4,936
Males,Austria,2017,2349.6,937
Males,Austria,2018,2368.7,938
Males,Austria,2019,2378,939
Males,Austria,2020,2362.3,940
Males,Austria,2021,2395.4,941
Males,Austria,2022,2420.2,942
Males,Austria,2023,2447.6,943
Males,Bosnia and Herzegovina,2021,833.6,944
Males,Bosnia and Herzegovina,2022,829.2,945
Males,Bosnia and Herzegovina,2023,829.2,946
Males,Belgium,1995,2438.8,947
Males,Belgium,1996,2434.2,948
Males,Belgium,1997,2437.2,949
Males,Belgium,1998,2446.4,950
Males,Belgium,1999,2468.5,951
Males,Belgium,2000,2495.7,952
Males,Belgium,2001,2461.6,953
Males,Belgium,2002,2472.1,954
Males,Belgium,2003,2481.2,955
Males,Belgium,2004,2495.8,956
Males,Belgium,2005,2557.3,957
Males,Belgium,2006,2562,958
Males,Belgium,2007,2595,959
Males,Belgium,2008,2608.6,960
Males,Belgium,2009,2609.3,961
Males,Belgium,2010,2649.3,962
Males,Belgium,2011,2622.8,963
Males,Belgium,2012,2637.2,964
Males,Belgium,2013,2651.4,965
Males,Belgium,2014,2643.9,966
Males,Belgium,2015,2639.9,967
Males,Belgium,2016,2648.8,968
Males,Belgium,2017,2651.7,969
Males,Belgium,2018,2664.4,970
Males,Belgium,2019,2681.4,971
Males,Belgium,2020,2670.3,972
Males,Belgium,2021,2717.7,973
Males,Belgium,2022,2753,974
Males,Belgium,2023,2774.6,975
Males,Bulgaria,2000,1809.9,976
Males,Bulgaria,2001,1796.5,977
Males,Bulgaria,2002,1780.2,978
Males,Bulgaria,2003,1738,979
Males,Bulgaria,2004,1764.9,980
Males,Bulgaria,2005,1751.1,981
Males,Bulgaria,2006,1781.7,982
Males,Bulgaria,2007,1820.3,983
Males,Bulgaria,2008,1858.8,984
Males,Bulgaria,2009,1828,985
Males,Bulgaria,2010,1812.4,986
Males,Bulgaria,2011,1759.6,987
Males,Bulgaria,2012,1757.6,988
Males,Bulgaria,2013,1766.2,989
Males,Bulgaria,2014,1763.1,990
Males,Bulgaria,2015,1744.2,991
Males,Bulgaria,2016,1709.9,992
Males,Bulgaria,2017,1751.1,993
Males,Bulgaria,2018,1736.8,994
Males,Bulgaria,2019,1639.5,995
Males,Bulgaria,2020,1596.3,996
Males,Bulgaria,2021,1567,997
Males,Bulgaria,2022,1572,998
Males,Bulgaria,2023,1559.8,999
Males,Switzerland,1996,2151.7,1000
Males,Switzerland,1997,2152.4,1001
Males,Switzerland,1998,2159.7,1002
Males,Switzerland,1999,2156.4,1003
Males,Switzerland,2000,2159.8,1004
Males,Switzerland,2001,2165,1005
Males,Switzerland,2002,2178.4,1006
Males,Switzerland,2003,2195.3,1007
Males,Switzerland,2004,2201.7,1008
Males,Switzerland,2005,2205.5,1009
Males,Switzerland,2006,2231.8,1010
Males,Switzerland,2007,2260.5,1011
Males,Switzerland,2008,2284.8,1012
Males,Switzerland,2009,2315.7,1013
Males,Switzerland,2010,2322.1,1014
Males,Switzerland,2011,2351.4,1015
Males,Switzerland,2012,2374.2,1016
Males,Switzerland,2013,2393.4,1017
Males,Switzerland,2014,2417.2,1018
Males,Switzerland,2015,2447.5,1019
Males,Switzerland,2016,2473.2,1020
Males,Switzerland,2017,2494.2,1021
Males,Switzerland,2018,2503.4,1022
Males,Switzerland,2019,2508.9,1023
Males,Switzerland,2020,2516.5,1024
Males,Switzerland,2021,2519.6,1025
Males,Switzerland,2022,2528.1,1026
Males,Switzerland,2023,2562.8,1027
Males,Cyprus,1999,161.4,1028
Males,Cyprus,2000,171.4,1029
Males,Cyprus,2001,174.4,1030
Males,Cyprus,2002,174.5,1031
Males,Cyprus,2003,180.7,1032
Males,Cyprus,2004,188.9,1033
Males,Cyprus,2005,198.6,1034
Males,Cyprus,2006,201.6,1035
Males,Cyprus,2007,209,1036
Males,Cyprus,2008,209.8,1037
Males,Cyprus,2009,207.4,1038
Males,Cyprus,2010,212.8,1039
Males,Cyprus,2011,218.5,1040
Males,Cyprus,2012,222.7,1041
Males,Cyprus,2013,221.2,1042
Males,Cyprus,2014,217.5,1043
Males,Cyprus,2015,210.4,1044
Males,Cyprus,2016,209.1,1045
Males,Cyprus,2017,214.5,1046
Males,Cyprus,2018,219.7,1047
Males,Cyprus,2019,231,1048
Males,Cyprus,2020,237.6,1049
Males,Cyprus,2021,240.3,1050
Males,Cyprus,2022,246,1051
Males,Cyprus,2023,250.7,1052
Males,Czechia,1997,2806.4,1053
Males,Czechia,1998,2805.9,1054
Males,Czechia,1999,2809.7,1055
Males,Czechia,2000,2792.5,1056
Males,Czechia,2001,2778.7,1057
Males,Czechia,2002,2791.8,1058
Males,Czechia,2003,2777.8,1059
Males,Czechia,2004,2802.4,1060
Males,Czechia,2005,2856.8,1061
Males,Czechia,2006,2872.8,1062
Males,Czechia,2007,2887.6,1063
Males,Czechia,2008,2922.1,1064
Males,Czechia,2009,2951.8,1065
Males,Czechia,2010,2942.9,1066
Males,Czechia,2011,2903.4,1067
Males,Czechia,2012,2908.7,1068
Males,Czechia,2013,2916.8,1069
Males,Czechia,2014,2914.3,1070
Males,Czechia,2015,2900,1071
Males,Czechia,2016,2905.7,1072
Males,Czechia,2017,2912.2,1073
Males,Czechia,2018,2915.1,1074
Males,Czechia,2019,2914.3,1075
Males,Czechia,2020,2908.7,1076
Males,Czechia,2021,2898.3,1077
Males,Czechia,2022,2850.1,1078
Males,Czechia,2023,2808.8,1079
Males,Germany,1995,22038.3,1080
Males,Germany,1996,22014.1,1081
Males,Germany,1997,22009.2,1082
Males,Germany,1998,22071.9,1083
Males,Germany,1999,22056.5,1084
Males,Germany,2000,21875.3,1085
Males,Germany,2001,21850,1086
Males,Germany,2002,21770.1,1087
Males,Germany,2003,21769.4,1088
Males,Germany,2004,21701.2,1089
Males,Germany,2005,22200.8,1090
Males,Germany,2006,22336.9,1091
Males,Germany,2007,22312.7,1092
Males,Germany,2008,22313.4,1093
Males,Germany,2009,22232,1094
Males,Germany,2010,21640.8,1095
Males,Germany,2011,21668.8,1096
Males,Germany,2012,21744.1,1097
Males,Germany,2013,21810.9,1098
Males,Germany,2014,21881.2,1099
Males,Germany,2015,21925.7,1100
Males,Germany,2016,22398.8,1101
Males,Germany,2017,22503.9,1102
Males,Germany,2018,22484.8,1103
Males,Germany,2019,22618.7,1104
Males,Germany,2020,22240.7,1105
Males,Germany,2021,22145.2,1106
Males,Germany,2022,22464.8,1107
Males,Germany,2023,22653,1108
Males,Denmark,1995,1508.6,1109
Males,Denmark,1996,1512.1,1110
Males,Denmark,1997,1510.7,1111
Males,Denmark,1998,1486.6,1112
Males,Denmark,1999,1519.1,1113
Males,Denmark,2000,1498.2,1114
Males,Denmark,2001,1489.6,1115
Males,Denmark,2002,1493.3,1116
Males,Denmark,2003,1506.8,1117
Males,Denmark,2004,1516.4,1118
Males,Denmark,2005,1504.4,1119
Males,Denmark,2006,1515.8,1120
Males,Denmark,2007,1512.7,1121
Males,Denmark,2008,1511,1122
Males,Denmark,2009,1496.1,1123
Males,Denmark,2010,1482.1,1124
Males,Denmark,2011,1474,1125
Males,Denmark,2012,1456,1126
Males,Denmark,2013,1438.6,1127
Males,Denmark,2014,1456.1,1128
Males,Denmark,2015,1474.6,1129
Males,Denmark,2016,1486.4,1130
Males,Denmark,2017,1501,1131
Males,Denmark,2018,1513.8,1132
Males,Denmark,2019,1534.4,1133
Males,Denmark,2020,1528.2,1134
Males,Denmark,2021,1542.9,1135
Males,Denmark,2022,1557,1136
Males,Denmark,2023,1577.7,1137
Males,Estonia,1997,338.9,1138
Males,Estonia,1998,340.2,1139
Males,Estonia,1999,328.4,1140
Males,Estonia,2000,339.7,1141
Males,Estonia,2001,334.8,1142
Males,Estonia,2002,328,1143
Males,Estonia,2003,336.3,1144
Males,Estonia,2004,329.2,1145
Males,Estonia,2005,325.5,1146
Males,Estonia,2006,339,1147
Males,Estonia,2007,342.8,1148
Males,Estonia,2008,343.7,1149
Males,Estonia,2009,339.9,1150
Males,Estonia,2010,335.3,1151
Males,Estonia,2011,340,1152
Males,Estonia,2012,337.3,1153
Males,Estonia,2013,335.6,1154
Males,Estonia,2014,335.6,1155
Males,Estonia,2015,333.4,1156
Males,Estonia,2016,339.2,1157
Males,Estonia,2017,338.9,1158
Males,Estonia,2018,340.4,1159
Males,Estonia,2019,338.9,1160
Males,Estonia,2020,341.4,1161
Males,Estonia,2021,339.5,1162
Males,Estonia,2022,346.5,1163
Males,Estonia,2023,351.7,1164
Males,Greece,1995,2518.5,1165
Males,Greece,1996,2530.8,1166
Males,Greece,1997,2506.7,1167
Males,Greece,1998,2684,1168
Males,Greece,1999,2697.6,1169
Males,Greece,2000,2717.7,1170
Males,Greece,2001,2793.3,1171
Males,Greece,2002,2798.3,1172
Males,Greece,2003,2817.5,1173
Males,Greece,2004,2849.3,1174
Males,Greece,2005,2852.4,1175
Males,Greece,2006,2863,1176
Males,Greece,2007,2866.1,1177
Males,Greece,2008,2871.8,1178
Males,Greece,2009,2863.7,1179
Males,Greece,2010,2830.9,1180
Males,Greece,2011,2762.5,1181
Males,Greece,2012,2719.2,1182
Males,Greece,2013,2692.1,1183
Males,Greece,2014,2646,1184
Males,Greece,2015,2621.3,1185
Males,Greece,2016,2613.1,1186
Males,Greece,2017,2605.1,1187
Males,Greece,2018,2589.5,1188
Males,Greece,2019,2571,1189
Males,Greece,2020,2513.6,1190
Males,Greece,2021,2485.6,1191
Males,Greece,2022,2559.1,1192
Males,Greece,2023,2543.3,1193
Males,Spain,1995,9946.2,1194
Males,Spain,1996,10073.7,1195
Males,Spain,1997,10204.5,1196
Males,Spain,1998,10337,1197
Males,Spain,1999,10467.4,1198
Males,Spain,2000,10727.3,1199
Males,Spain,2001,10856.9,1200
Males,Spain,2002,11220,1201
Males,Spain,2003,11587.9,1202
Males,Spain,2004,11841.1,1203
Males,Spain,2005,12271.1,1204
Males,Spain,2006,12506.1,1205
Males,Spain,2007,12793.3,1206
Males,Spain,2008,13026.4,1207
Males,Spain,2009,12940.1,1208
Males,Spain,2010,12870.2,1209
Males,Spain,2011,12772.6,1210
Males,Spain,2012,12648,1211
Males,Spain,2013,12437.1,1212
Males,Spain,2014,12276.6,1213
Males,Spain,2015,12231.7,1214
Males,Spain,2016,12120.1,1215
Males,Spain,2017,12063.5,1216
Males,Spain,2018,12088.8,1217
Males,Spain,2019,12144.5,1218
Males,Spain,2020,11961.4,1219
Males,Spain,2021,12194,1220
Males,Spain,2022,12359.5,1221
Males,Spain,2023,12541.9,1222
Males,Finland,1995,1251.7,1223
Males,Finland,1996,1264.4,1224
Males,Finland,1997,1294.8,1225
Males,Finland,1998,1304.1,1226
Males,Finland,1999,1363.6,1227
Males,Finland,2000,1375.5,1228
Males,Finland,2001,1380.6,1229
Males,Finland,2002,1380.9,1230
Males,Finland,2003,1378.2,1231
Males,Finland,2004,1364.8,1232
Males,Finland,2005,1338.3,1233
Males,Finland,2006,1350,1234
Males,Finland,2007,1357.6,1235
Males,Finland,2008,1376.1,1236
Males,Finland,2009,1355.2,1237
Males,Finland,2010,1360,1238
Males,Finland,2011,1366.3,1239
Males,Finland,2012,1359.1,1240
Males,Finland,2013,1349.5,1241
Males,Finland,2014,1343.5,1242
Males,Finland,2015,1342.5,1243
Males,Finland,2016,1350.4,1244
Males,Finland,2017,1362.3,1245
Males,Finland,2018,1374.9,1246
Males,Finland,2019,1379.3,1247
Males,Finland,2020,1376.8,1248
Males,Finland,2021,1388.1,1249
Males,Finland,2022,1393,1250
Males,Finland,2023,1399.4,1251
Males,France,1995,13448.9,1252
Males,France,1996,13574.5,1253
Males,France,1997,13600.1,1254
Males,France,1998,13631.8,1255
Males,France,1999,13779,1256
Males,France,2000,13852.6,1257
Males,France,2001,13967.9,1258
Males,France,2002,14102.3,1259
Males,France,2003,14265.4,1260
Males,France,2004,14355.2,1261
Males,France,2005,14425,1262
Males,France,2006,14478.4,1263
Males,France,2007,14529,1264
Males,France,2008,14596,1265
Males,France,2009,14683.9,1266
Males,France,2010,14712.1,1267
Males,France,2011,14675.9,1268
Males,France,2012,14775.7,1269
Males,France,2013,14789.5,1270
Males,France,2014,15103.2,1271
Males,France,2015,15116.9,1272
Males,France,2016,15093.4,1273
Males,France,2017,15118.8,1274
Males,France,2018,15127.6,1275
Males,France,2019,15007.2,1276
Males,France,2020,14845.5,1277
Males,France,2021,15124.9,1278
Males,France,2022,15329.1,1279
Males,France,2023,15419.4,1280
Males,Croatia,2002,948.2,1281
Males,Croatia,2003,952.9,1282
Males,Croatia,2004,971.8,1283
Males,Croatia,2005,948.2,1284
Males,Croatia,2006,932.9,1285
Males,Croatia,2007,1043.2,1286
Males,Croatia,2008,1041,1287
Males,Croatia,2009,1019,1288
Males,Croatia,2010,1013.3,1289
Males,Croatia,2011,1013.3,1290
Males,Croatia,2012,987.8,1291
Males,Croatia,2013,964.5,1292
Males,Croatia,2014,976.3,1293
Males,Croatia,2015,969.3,1294
Males,Croatia,2016,932.4,1295
Males,Croatia,2017,921.9,1296
Males,Croatia,2018,896.7,1297
Males,Croatia,2019,890.4,1298
Males,Croatia,2020,893.6,1299
Males,Croatia,2021,897.1,1300
Males,Croatia,2022,895.6,1301
Males,Croatia,2023,893.1,1302
Males,Hungary,1996,2210,1303
Males,Hungary,1997,2203.6,1304
Males,Hungary,1998,2205.1,1305
Males,Hungary,1999,2236.4,1306
Males,Hungary,2000,2238.7,1307
Males,Hungary,2001,2242.7,1308
Males,Hungary,2002,2234,1309
Males,Hungary,2003,2255.1,1310
Males,Hungary,2004,2233,1311
Males,Hungary,2005,2260,1312
Males,Hungary,2006,2287.4,1313
Males,Hungary,2007,2275.3,1314
Males,Hungary,2008,2249.4,1315
Males,Hungary,2009,2238.4,1316
Males,Hungary,2010,2236.6,1317
Males,Hungary,2011,2252.3,1318
Males,Hungary,2012,2290.5,1319
Males,Hungary,2013,2323.5,1320
Males,Hungary,2014,2384.1,1321
Males,Hungary,2015,2425.6,1322
Males,Hungary,2016,2464.7,1323
Males,Hungary,2017,2485.4,1324
Males,Hungary,2018,2506.3,1325
Males,Hungary,2019,2523.6,1326
Males,Hungary,2020,2512.4,1327
Males,Hungary,2021,2515.1,1328
Males,Hungary,2022,2524.4,1329
Males,Hungary,2023,2542.2,1330
Males,Ireland,1995,867.6,1331
Males,Ireland,1996,886.3,1332
Males,Ireland,1997,907,1333
Males,Ireland,1998,951.2,1334
Males,Ireland,1999,980.3,1335
Males,Ireland,2000,1010.5,1336
Males,Ireland,2001,1032.1,1337
Males,Ireland,2002,1048.1,1338
Males,Ireland,2003,1066.3,1339
Males,Ireland,2004,1093.8,1340
Males,Ireland,2005,1149.2,1341
Males,Ireland,2006,1205.6,1342
Males,Ireland,2007,1298.7,1343
Males,Ireland,2008,1298.3,1344
Males,Ireland,2009,1250.9,1345
Males,Ireland,2010,1210.1,1346
Males,Ireland,2011,1191.2,1347
Males,Ireland,2012,1181.7,1348
Males,Ireland,2013,1188.3,1349
Males,Ireland,2014,1193.6,1350
Males,Ireland,2015,1205.7,1351
Males,Ireland,2016,1221,1352
Males,Ireland,2017,1226.6,1353
Males,Ireland,2018,1241.3,1354
Males,Ireland,2019,1264,1355
Males,Ireland,2020,1252.6,1356
Males,Ireland,2021,1310.7,1357
Males,Ireland,2022,1376.4,1358
Males,Ireland,2023,1406.4,1359
Males,Iceland,1995,74.1,1360
Males,Iceland,1996,73.5,1361
Males,Iceland,1997,73.4,1362
Males,Iceland,1998,75.4,1363
Males,Iceland,1999,77.5,1364
Males,Iceland,2000,80,1365
Males,Iceland,2001,82,1366
Males,Iceland,2002,81.7,1367
Males,Iceland,2003,83.1,1368
Males,Iceland,2004,83.6,1369
Males,Iceland,2005,83.3,1370
Males,Iceland,2006,89.7,1371
Males,Iceland,2007,94.6,1372
Males,Iceland,2008,95.8,1373
Males,Iceland,2009,91.7,1374
Males,Iceland,2010,89.9,1375
Males,Iceland,2011,89.3,1376
Males,Iceland,2012,88.9,1377
Males,Iceland,2013,91.1,1378
Males,Iceland,2014,92.1,1379
Males,Iceland,2015,93.9,1380
Males,Iceland,2016,97.4,1381
Males,Iceland,2017,99.9,1382
Males,Iceland,2018,103,1383
Males,Iceland,2019,105.5,1384
Males,Iceland,2020,104.6,1385
Males,Iceland,2021,105.8,1386
Males,Iceland,2022,110.5,1387
Males,Iceland,2023,116.5,1388
Males,Italy,1995,14016.1,1389
Males,Italy,1996,14049.2,1390
Males,Italy,1997,14079.5,1391
Males,Italy,1998,14183.6,1392
Males,Italy,1999,14158.8,1393
Males,Italy,2000,14188,1394
Males,Italy,2001,14181.2,1395
Males,Italy,2002,14315.6,1396
Males,Italy,2003,14419.2,1397
Males,Italy,2004,14224.7,1398
Males,Italy,2005,14214.9,1399
Males,Italy,2006,14248.4,1400
Males,Italy,2007,14222.1,1401
Males,Italy,2008,14313,1402
Males,Italy,2009,14226.5,1403
Males,Italy,2010,14168.8,1404
Males,Italy,2011,14131.1,1405
Males,Italy,2012,14302.5,1406
Males,Italy,2013,14252.9,1407
Males,Italy,2014,14327.3,1408
Males,Italy,2015,14381.7,1409
Males,Italy,2016,14464.2,1410
Males,Italy,2017,14467.1,1411
Males,Italy,2018,14278.4,1412
Males,Italy,2019,14213.9,1413
Males,Italy,2020,13860.3,1414
Males,Italy,2021,13781.8,1415
Males,Italy,2022,13895.8,1416
Males,Italy,2023,14074.2,1417
Males,Lithuania,1998,887.1,1418
Males,Lithuania,1999,862.7,1419
Males,Lithuania,2000,835.6,1420
Males,Lithuania,2001,821.2,1421
Males,Lithuania,2002,819.9,1422
Males,Lithuania,2003,830.8,1423
Males,Lithuania,2004,803.5,1424
Males,Lithuania,2005,784.7,1425
Males,Lithuania,2006,752.8,1426
Males,Lithuania,2007,751.3,1427
Males,Lithuania,2008,748.4,1428
Males,Lithuania,2009,745.4,1429
Males,Lithuania,2010,737.2,1430
Males,Lithuania,2011,721.6,1431
Males,Lithuania,2012,713.1,1432
Males,Lithuania,2013,715.7,1433
Males,Lithuania,2014,721.2,1434
Males,Lithuania,2015,710.4,1435
Males,Lithuania,2016,709.2,1436
Males,Lithuania,2017,697.1,1437
Males,Lithuania,2018,704.4,1438
Males,Lithuania,2019,707,1439
Males,Lithuania,2020,719.2,1440
Males,Lithuania,2021,716.5,1441
Males,Lithuania,2022,711.5,1442
Males,Lithuania,2023,741.4,1443
Males,Luxembourg,1995,106.1,1444
Males,Luxembourg,1996,107,1445
Males,Luxembourg,1997,107,1446
Males,Luxembourg,1998,108,1447
Males,Luxembourg,1999,108.9,1448
Males,Luxembourg,2000,111.1,1449
Males,Luxembourg,2001,112.7,1450
Males,Luxembourg,2002,114.5,1451
Males,Luxembourg,2003,114,1452
Males,Luxembourg,2004,115,1453
Males,Luxembourg,2005,116.4,1454
Males,Luxembourg,2006,114.9,1455
Males,Luxembourg,2007,117.7,1456
Males,Luxembourg,2008,120.4,1457
Males,Luxembourg,2009,127.9,1458
Males,Luxembourg,2010,128.4,1459
Males,Luxembourg,2011,130.8,1460
Males,Luxembourg,2012,136.6,1461
Males,Luxembourg,2013,139.2,1462
Males,Luxembourg,2014,142.5,1463
Males,Luxembourg,2015,148.9,1464
Males,Luxembourg,2016,151.1,1465
Males,Luxembourg,2017,153.1,1466
Males,Luxembourg,2018,157.6,1467
Males,Luxembourg,2019,164.6,1468
Males,Luxembourg,2020,165.7,1469
Males,Luxembourg,2021,170.1,1470
Males,Luxembourg,2022,171.7,1471
Males,Luxembourg,2023,178.6,1472
Males,Latvia,1998,583.8,1473
Males,Latvia,1999,574.5,1474
Males,Latvia,2000,558.8,1475
Males,Latvia,2001,540.4,1476
Males,Latvia,2002,547.6,1477
Males,Latvia,2003,536.5,1478
Males,Latvia,2004,538,1479
Males,Latvia,2005,534.6,1480
Males,Latvia,2006,546.9,1481
Males,Latvia,2007,556.1,1482
Males,Latvia,2008,556.2,1483
Males,Latvia,2009,534.6,1484
Males,Latvia,2010,511.1,1485
Males,Latvia,2011,502.2,1486
Males,Latvia,2012,499.4,1487
Males,Latvia,2013,491.2,1488
Males,Latvia,2014,485.7,1489
Males,Latvia,2015,486.3,1490
Males,Latvia,2016,478.7,1491
Males,Latvia,2017,475,1492
Males,Latvia,2018,475.1,1493
Males,Latvia,2019,468.2,1494
Males,Latvia,2020,469.2,1495
Males,Latvia,2021,453.7,1496
Males,Latvia,2022,455.4,1497
Males,Latvia,2023,451.3,1498
Males,Montenegro,2011,134.8,1499
Males,Montenegro,2012,137.1,1500
Males,Montenegro,2013,137.2,1501
Males,Montenegro,2014,143.1,1502
Males,Montenegro,2015,143.9,1503
Males,Montenegro,2016,148.1,1504
Males,Montenegro,2017,148.7,1505
Males,Montenegro,2018,152.9,1506
Males,Montenegro,2019,155.5,1507
Males,Montenegro,2020,145.2,1508
Males,North Macedonia,2006,538.7,1509
Males,North Macedonia,2007,543,1510
Males,North Macedonia,2008,556.4,1511
Males,North Macedonia,2009,565.7,1512
Males,North Macedonia,2010,569.9,1513
Males,North Macedonia,2011,565.9,1514
Males,North Macedonia,2012,568.6,1515
Males,North Macedonia,2013,570.1,1516
Males,North Macedonia,2014,576.4,1517
Males,North Macedonia,2015,573.1,1518
Males,North Macedonia,2016,574.9,1519
Males,North Macedonia,2017,578,1520
Males,North Macedonia,2018,575.1,1521
Males,North Macedonia,2019,565.8,1522
Males,North Macedonia,2020,558.7,1523
Males,Malta,2000,105.6,1524
Males,Malta,2001,110.1,1525
Males,Malta,2002,108.7,1526
Males,Malta,2003,110,1527
Males,Malta,2004,109.9,1528
Males,Malta,2005,109.6,1529
Males,Malta,2006,110.6,1530
Males,Malta,2007,111,1531
Males,Malta,2008,111.2,1532
Males,Malta,2009,111.8,1533
Males,Malta,2010,112.6,1534
Males,Malta,2011,113,1535
Males,Malta,2012,113.4,1536
Males,Malta,2013,117,1537
Males,Malta,2014,120.6,1538
Males,Malta,2015,124.8,1539
Males,Malta,2016,128.9,1540
Males,Malta,2017,134.7,1541
Males,Malta,2018,143.7,1542
Males,Malta,2019,153.9,1543
Males,Malta,2020,158,1544
Males,Malta,2021,159.8,1545
Males,Malta,2022,167.4,1546
Males,Malta,2023,181.7,1547
Males,Netherlands,1995,4241.5,1548
Males,Netherlands,1996,4261.9,1549
Males,Netherlands,1997,4358.7,1550
Males,Netherlands,1998,4423.2,1551
Males,Netherlands,1999,4454.8,1552
Males,Netherlands,2000,4555,1553
Males,Netherlands,2001,4604,1554
Males,Netherlands,2002,4663.4,1555
Males,Netherlands,2003,4655.7,1556
Males,Netherlands,2004,4649.2,1557
Males,Netherlands,2005,4539,1558
Males,Netherlands,2006,4533.4,1559
Males,Netherlands,2007,4591.2,1560
Males,Netherlands,2008,4656.9,1561
Males,Netherlands,2009,4654,1562
Males,Netherlands,2010,4610.8,1563
Males,Netherlands,2011,4589.8,1564
Males,Netherlands,2012,4631.6,1565
Males,Netherlands,2013,4663.1,1566
Males,Netherlands,2014,4637.5,1567
Males,Netherlands,2015,4641.1,1568
Males,Netherlands,2016,4644.9,1569
Males,Netherlands,2017,4659.2,1570
Males,Netherlands,2018,4698.7,1571
Males,Netherlands,2019,4745.3,1572
Males,Netherlands,2020,4752.2,1573
Males,Netherlands,2021,4899.5,1574
Males,Netherlands,2022,5003,1575
Males,Netherlands,2023,5081.7,1576
Males,Norway,1995,1144,1577
Males,Norway,1996,1166,1578
Males,Norway,1997,1194.3,1579
Males,Norway,1998,1213.5,1580
Males,Norway,1999,1217.2,1581
Males,Norway,2000,1233.5,1582
Males,Norway,2001,1234.6,1583
Males,Norway,2002,1240,1584
Males,Norway,2003,1225.3,1585
Males,Norway,2004,1227.1,1586
Males,Norway,2005,1238.6,1587
Males,Norway,2006,1259.2,1588
Males,Norway,2007,1284.7,1589
Males,Norway,2008,1327.1,1590
Males,Norway,2009,1320.2,1591
Males,Norway,2010,1327.5,1592
Males,Norway,2011,1333.3,1593
Males,Norway,2012,1364.4,1594
Males,Norway,2013,1372,1595
Males,Norway,2014,1380.6,1596
Males,Norway,2015,1400.2,1597
Males,Norway,2016,1405.4,1598
Males,Norway,2017,1399.1,1599
Males,Norway,2018,1420.7,1600
Males,Norway,2019,1434.4,1601
Males,Norway,2020,1437,1602
Males,Norway,2021,1461.9,1603
Males,Norway,2022,1486.6,1604
Males,Norway,2023,1498.4,1605
Males,Poland,1997,8971.2,1606
Males,Poland,1998,8993.3,1607
Males,Poland,1999,8985.3,1608
Males,Poland,2000,9101.5,1609
Males,Poland,2001,9159.8,1610
Males,Poland,2002,9125.6,1611
Males,Poland,2003,8991.7,1612
Males,Poland,2004,9040.2,1613
Males,Poland,2005,9191.2,1614
Males,Poland,2006,9127.3,1615
Males,Poland,2007,9086.1,1616
Males,Poland,2008,9169.8,1617
Males,Poland,2009,9310.4,1618
Males,Poland,2010,9296.7,1619
Males,Poland,2011,9350.1,1620
Males,Poland,2012,9394.4,1621
Males,Poland,2013,9409.2,1622
Males,Poland,2014,9418.5,1623
Males,Poland,2015,9389.1,1624
Males,Poland,2016,9315.3,1625
Males,Poland,2017,9303.7,1626
Males,Poland,2018,9213.2,1627
Males,Poland,2019,9424.7,1628
Males,Poland,2020,9446.5,1629
Males,Poland,2021,9476.2,1630
Males,Poland,2022,9393.4,1631
Males,Poland,2023,9355.3,1632
Males,Portugal,1995,2485.1,1633
Males,Portugal,1996,2470.3,1634
Males,Portugal,1997,2476.7,1635
Males,Portugal,1998,2647.4,1636
Males,Portugal,1999,2664.2,1637
Males,Portugal,2000,2674.1,1638
Males,Portugal,2001,2709.2,1639
Males,Portugal,2002,2750,1640
Males,Portugal,2003,2726,1641
Males,Portugal,2004,2714.4,1642
Males,Portugal,2005,2714.2,1643
Males,Portugal,2006,2728.1,1644
Males,Portugal,2007,2731.1,1645
Males,Portugal,2008,2730.6,1646
Males,Portugal,2009,2688.2,1647
Males,Portugal,2010,2667,1648
Males,Portugal,2011,2650.1,1649
Males,Portugal,2012,2602.9,1650
Males,Portugal,2013,2547.4,1651
Males,Portugal,2014,2527,1652
Males,Portugal,2015,2505.9,1653
Males,Portugal,2016,2508.2,1654
Males,Portugal,2017,2517.9,1655
Males,Portugal,2018,2511.8,1656
Males,Portugal,2019,2512.2,1657
Males,Portugal,2020,2466.5,1658
Males,Portugal,2021,2485,1659
Males,Portugal,2022,2535.7,1660
Males,Portugal,2023,2593.2,1661
Males,Romania,1997,5796.3,1662
Males,Romania,1998,5741.2,1663
Males,Romania,1999,5688.8,1664
Males,Romania,2000,5677.2,1665
Males,Romania,2001,5611.2,1666
Males,Romania,2002,5371,1667
Males,Romania,2003,5191.8,1668
Males,Romania,2004,5250.8,1669
Males,Romania,2005,5179.9,1670
Males,Romania,2006,5287,1671
Males,Romania,2007,5260.5,1672
Males,Romania,2008,5293.6,1673
Males,Romania,2009,5313.1,1674
Males,Romania,2010,5087.7,1675
Males,Romania,2011,4952.2,1676
Males,Romania,2012,5002.7,1677
Males,Romania,2013,5020.7,1678
Males,Romania,2014,5060.8,1679
Males,Romania,2015,5098.9,1680
Males,Romania,2016,5006.2,1681
Males,Romania,2017,5033.8,1682
Males,Romania,2018,5035.8,1683
Males,Romania,2019,5048.8,1684
Males,Romania,2020,5040.3,1685
Males,Romania,2021,4752,1686
Males,Romania,2022,4733.4,1687
Males,Romania,2023,4637.5,1688
Males,Serbia,2010,1609.5,1689
Males,Serbia,2011,1624,1690
Males,Serbia,2012,1625.8,1691
Males,Serbia,2013,1606,1692
Males,Serbia,2014,1710.5,1693
Males,Serbia,2015,1695.2,1694
Males,Serbia,2016,1704.6,1695
Males,Serbia,2017,1700.7,1696
Males,Serbia,2018,1710.2,1697
Males,Serbia,2019,1685.9,1698
Males,Serbia,2020,1657.6,1699
Males,Serbia,2021,1641.8,1700
Males,Serbia,2022,1643.7,1701
Males,Serbia,2023,1626.9,1702
Males,Sweden,1995,2276,1703
Males,Sweden,1996,2260.3,1704
Males,Sweden,1997,2255.1,1705
Males,Sweden,1998,2262.6,1706
Males,Sweden,1999,2268.2,1707
Males,Sweden,2000,2232.7,1708
Males,Sweden,2001,2337.8,1709
Males,Sweden,2002,2338.6,1710
Males,Sweden,2003,2357.3,1711
Males,Sweden,2004,2373.5,1712
Males,Sweden,2005,2411,1713
Males,Sweden,2006,2451.5,1714
Males,Sweden,2007,2481.6,1715
Males,Sweden,2008,2508.3,1716
Males,Sweden,2009,2512.9,1717
Males,Sweden,2010,2537.9,1718
Males,Sweden,2011,2561.2,1719
Males,Sweden,2012,2566.9,1720
Males,Sweden,2013,2592.3,1721
Males,Sweden,2014,2611.6,1722
Males,Sweden,2015,2624.2,1723
Males,Sweden,2016,2658.4,1724
Males,Sweden,2017,2708.8,1725
Males,Sweden,2018,2738.5,1726
Males,Sweden,2019,2772.7,1727
Males,Sweden,2020,2791.4,1728
Males,Sweden,2021,2790.1,1729
Males,Sweden,2022,2834.9,1730
Males,Sweden,2023,2865.2,1731
Males,Slovenia,1996,492,1732
Males,Slovenia,1997,501.4,1733
Males,Slovenia,1998,510.1,1734
Males,Slovenia,1999,504,1735
Males,Slovenia,2000,504.8,1736
Males,Slovenia,2001,513.1,1737
Males,Slovenia,2002,517.9,1738
Males,Slovenia,2003,508.8,1739
Males,Slovenia,2004,530,1740
Males,Slovenia,2005,535.1,1741
Males,Slovenia,2006,536.5,1742
Males,Slovenia,2007,546.8,1743
Males,Slovenia,2008,554.4,1744
Males,Slovenia,2009,549.5,1745
Males,Slovenia,2010,551.3,1746
Males,Slovenia,2011,539.5,1747
Males,Slovenia,2012,536,1748
Males,Slovenia,2013,535.7,1749
Males,Slovenia,2014,534.8,1750
Males,Slovenia,2015,535.5,1751
Males,Slovenia,2016,523.7,1752
Males,Slovenia,2017,537.7,1753
Males,Slovenia,2018,544.3,1754
Males,Slovenia,2019,546.1,1755
Males,Slovenia,2020,547,1756
Males,Slovenia,2021,540,1757
Males,Slovenia,2022,544.2,1758
Males,Slovenia,2023,546.2,1759
Males,Slovakia,1998,1370.8,1760
Males,Slovakia,1999,1374.3,1761
Males,Slovakia,2000,1392.7,1762
Males,Slovakia,2001,1419.1,1763
Males,Slovakia,2002,1403.4,1764
Males,Slovakia,2003,1414.3,1765
Males,Slovakia,2004,1429.7,1766
Males,Slovakia,2005,1452,1767
Males,Slovakia,2006,1468.2,1768
Males,Slovakia,2007,1463.8,1769
Males,Slovakia,2008,1481.4,1770
Males,Slovakia,2009,1490.7,1771
Males,Slovakia,2010,1491,1772
Males,Slovakia,2011,1488.4,1773
Males,Slovakia,2012,1500,1774
Males,Slovakia,2013,1498.3,1775
Males,Slovakia,2014,1500.7,1776
Males,Slovakia,2015,1492.5,1777
Males,Slovakia,2016,1499.3,1778
Males,Slovakia,2017,1488.7,1779
Males,Slovakia,2018,1487.2,1780
Males,Slovakia,2019,1478.4,1781
Males,Slovakia,2020,1458.6,1782
Males,Slovakia,2021,1436.7,1783
Males,Slovakia,2022,1444.8,1784
Males,Slovakia,2023,1439.5,1785
Males,Türkiye,2006,16193.9,1786
Males,Türkiye,2007,16488.8,1787
Males,Türkiye,2008,16846.5,1788
Males,Türkiye,2009,17192.2,1789
Males,Türkiye,2010,17606.7,1790
Males,Türkiye,2011,18209.7,1791
Males,Türkiye,2012,18494.5,1792
Males,Türkiye,2013,18936.7,1793
Males,Türkiye,2014,19547.1,1794
Males,Türkiye,2015,19910.2,1795
Males,Türkiye,2016,20332.1,1796
Males,Türkiye,2017,20867.1,1797
Males,Türkiye,2018,21142.4,1798
Males,Türkiye,2019,21208.3,1799
Males,Türkiye,2020,20523,1800
Males,Türkiye,2021,21492.9,1801
Males,Türkiye,2022,22124.7,1802
Males,Türkiye,2023,22300.1,1803
Males,United Kingdom,1995,15696.3,1804
Males,United Kingdom,1996,15752.5,1805
Males,United Kingdom,1997,15775,1806
Males,United Kingdom,1998,15792.7,1807
Males,United Kingdom,1999,15371,1808
Males,United Kingdom,2000,15481,1809
Males,United Kingdom,2001,15473,1810
Males,United Kingdom,2002,15555.4,1811
Males,United Kingdom,2003,15704.9,1812
Males,United Kingdom,2004,15724.1,1813
Males,United Kingdom,2005,15961.3,1814
Males,United Kingdom,2006,16181.3,1815
Males,United Kingdom,2007,16298.8,1816
Males,United Kingdom,2008,16462.2,1817
Males,United Kingdom,2009,16459.4,1818
Males,United Kingdom,2010,16466.5,1819
Males,United Kingdom,2011,16552.9,1820
Males,United Kingdom,2012,16650.3,1821
Males,United Kingdom,2013,16684.5,1822
Males,United Kingdom,2014,16754.1,1823
Males,United Kingdom,2015,16842.6,1824
Males,United Kingdom,2016,16981.5,1825
Males,United Kingdom,2017,17003.4,1826
Males,United Kingdom,2018,17101.5,1827
Males,United Kingdom,2019,17161.7,1828
Total,Austria,1995,3796.4,1829
Total,Austria,1996,3779,1830
Total,Austria,1997,3769.4,1831
Total,Austria,1998,3801.8,1832
Total,Austria,1999,3825.3,1833
Total,Austria,2000,3828.8,1834
Total,Austria,2001,3815.9,1835
Total,Austria,2002,3823.1,1836
Total,Austria,2003,3903.1,1837
Total,Austria,2004,3803,1838
Total,Austria,2005,3934.4,1839
Total,Austria,2006,3994,1840
Total,Austria,2007,4063.7,1841
Total,Austria,2008,4100.5,1842
Total,Austria,2009,4132,1843
Total,Austria,2010,4147,1844
Total,Austria,2011,4175.8,1845
Total,Austria,2012,4221.9,1846
Total,Austria,2013,4261.1,1847
Total,Austria,2014,4278.5,1848
Total,Austria,2015,4319.1,1849
Total,Austria,2016,4412.3,1850
Total,Austria,2017,4432.6,1851
Total,Austria,2018,4460.6,1852
Total,Austria,2019,4484.3,1853
Total,Austria,2020,4467,1854
Total,Austria,2021,4514.7,1855
Total,Austria,2022,4577.4,1856
Total,Austria,2023,4633.8,1857
Total,Bosnia and Herzegovina,2021,1371.4,1858
Total,Bosnia and Herzegovina,2022,1357.3,1859
Total,Bosnia and Herzegovina,2023,1360.6,1860
Total,Belgium,1995,4159.7,1861
Total,Belgium,1996,4163.8,1862
Total,Belgium,1997,4196,1863
Total,Belgium,1998,4237.6,1864
Total,Belgium,1999,4332.5,1865
Total,Belgium,2000,4383.5,1866
Total,Belgium,2001,4281.8,1867
Total,Belgium,2002,4332.1,1868
Total,Belgium,2003,4363.9,1869
Total,Belgium,2004,4450.9,1870
Total,Belgium,2005,4589.3,1871
Total,Belgium,2006,4615.9,1872
Total,Belgium,2007,4700.7,1873
Total,Belgium,2008,4746.6,1874
Total,Belgium,2009,4768.7,1875
Total,Belgium,2010,4856.1,1876
Total,Belgium,2011,4816.9,1877
Total,Belgium,2012,4847.4,1878
Total,Belgium,2013,4900.9,1879
Total,Belgium,2014,4920.4,1880
Total,Belgium,2015,4920.7,1881
Total,Belgium,2016,4929.4,1882
Total,Belgium,2017,4940.3,1883
Total,Belgium,2018,4999.5,1884
Total,Belgium,2019,5043.5,1885
Total,Belgium,2020,5022.3,1886
Total,Belgium,2021,5117.7,1887
Total,Belgium,2022,5213.5,1888
Total,Belgium,2023,5247.1,1889
Total,Bulgaria,2000,3389.1,1890
Total,Bulgaria,2001,3405.7,1891
Total,Bulgaria,2002,3377.4,1892
Total,Bulgaria,2003,3275.4,1893
Total,Bulgaria,2004,3328,1894
Total,Bulgaria,2005,3281,1895
Total,Bulgaria,2006,3376.3,1896
Total,Bulgaria,2007,3447.9,1897
Total,Bulgaria,2008,3504.7,1898
Total,Bulgaria,2009,3441.5,1899
Total,Bulgaria,2010,3387.4,1900
Total,Bulgaria,2011,3302.3,1901
Total,Bulgaria,2012,3303.9,1902
Total,Bulgaria,2013,3322.7,1903
Total,Bulgaria,2014,3308.7,1904
Total,Bulgaria,2015,3276,1905
Total,Bulgaria,2016,3199.6,1906
Total,Bulgaria,2017,3277.5,1907
Total,Bulgaria,2018,3239.6,1908
Total,Bulgaria,2019,3075,1909
Total,Bulgaria,2020,2986.4,1910
Total,Bulgaria,2021,2939.6,1911
Total,Bulgaria,2022,2965.4,1912
Total,Bulgaria,2023,2951.4,1913
Total,Switzerland,1996,3821.9,1914
Total,Switzerland,1997,3832.5,1915
Total,Switzerland,1998,3877.7,1916
Total,Switzerland,1999,3883.5,1917
Total,Switzerland,2000,3881.1,1918
Total,Switzerland,2001,3936.1,1919
Total,Switzerland,2002,3984.2,1920
Total,Switzerland,2003,4026.1,1921
Total,Switzerland,2004,4043.2,1922
Total,Switzerland,2005,4071.2,1923
Total,Switzerland,2006,4121.8,1924
Total,Switzerland,2007,4170.8,1925
Total,Switzerland,2008,4257,1926
Total,Switzerland,2009,4322.7,1927
Total,Switzerland,2010,4298.5,1928
Total,Switzerland,2011,4366.1,1929
Total,Switzerland,2012,4417.6,1930
Total,Switzerland,2013,4463.6,1931
Total,Switzerland,2014,4532.3,1932
Total,Switzerland,2015,4596.8,1933
Total,Switzerland,2016,4660.1,1934
Total,Switzerland,2017,4687,1935
Total,Switzerland,2018,4719.4,1936
Total,Switzerland,2019,4742.4,1937
Total,Switzerland,2020,4754.1,1938
Total,Switzerland,2021,4770.9,1939
Total,Switzerland,2022,4780.6,1940
Total,Switzerland,2023,4849.6,1941
Total,Cyprus,1999,273.5,1942
Total,Cyprus,2000,301.3,1943
Total,Cyprus,2001,313.9,1944
Total,Cyprus,2002,317.4,1945
Total,Cyprus,2003,331.1,1946
Total,Cyprus,2004,342.2,1947
Total,Cyprus,2005,357.5,1948
Total,Cyprus,2006,365.3,1949
Total,Cyprus,2007,383.3,1950
Total,Cyprus,2008,385.7,1951
Total,Cyprus,2009,392.6,1952
Total,Cyprus,2010,408.6,1953
Total,Cyprus,2011,420.2,1954
Total,Cyprus,2012,426.4,1955
Total,Cyprus,2013,425,1956
Total,Cyprus,2014,424.5,1957
Total,Cyprus,2015,412.7,1958
Total,Cyprus,2016,407.7,1959
Total,Cyprus,2017,416.9,1960
Total,Cyprus,2018,426.2,1961
Total,Cyprus,2019,443.8,1962
Total,Cyprus,2020,450.5,1963
Total,Cyprus,2021,462.3,1964
Total,Cyprus,2022,479.7,1965
Total,Cyprus,2023,492.6,1966
Total,Czechia,1997,5052.5,1967
Total,Czechia,1998,5069.1,1968
Total,Czechia,1999,5086.4,1969
Total,Czechia,2000,5064.8,1970
Total,Czechia,2001,5030.5,1971
Total,Czechia,2002,5032.5,1972
Total,Czechia,2003,5030.7,1973
Total,Czechia,2004,5046.9,1974
Total,Czechia,2005,5118.5,1975
Total,Czechia,2006,5139.6,1976
Total,Czechia,2007,5131.7,1977
Total,Czechia,2008,5162.8,1978
Total,Czechia,2009,5209,1979
Total,Czechia,2010,5192.1,1980
Total,Czechia,2011,5145.8,1981
Total,Czechia,2012,5174.8,1982
Total,Czechia,2013,5213.4,1983
Total,Czechia,2014,5205.9,1984
Total,Czechia,2015,5201.1,1985
Total,Czechia,2016,5226.3,1986
Total,Czechia,2017,5248.2,1987
Total,Czechia,2018,5267.1,1988
Total,Czechia,2019,5259.3,1989
Total,Czechia,2020,5223.7,1990
Total,Czechia,2021,5216.2,1991
Total,Czechia,2022,5138.2,1992
Total,Czechia,2023,5023.1,1993
Total,Germany,1995,38636.5,1994
Total,Germany,1996,38736.5,1995
Total,Germany,1997,38804.5,1996
Total,Germany,1998,39045.9,1997
Total,Germany,1999,39244.4,1998
Total,Germany,2000,39097.1,1999
Total,Germany,2001,39221.4,2000
Total,Germany,2002,39229,2001
Total,Germany,2003,39413.5,2002
Total,Germany,2004,39280,2003
Total,Germany,2005,40411.2,2004
Total,Germany,2006,40874.4,2005
Total,Germany,2007,40991.9,2006
Total,Germany,2008,41032.4,2007
Total,Germany,2009,41029.6,2008
Total,Germany,2010,40178.3,2009
Total,Germany,2011,40437.4,2010
Total,Germany,2012,40538.1,2011
Total,Germany,2013,40814.2,2012
Total,Germany,2014,40989.7,2013
Total,Germany,2015,41116.9,2014
Total,Germany,2016,41931.7,2015
Total,Germany,2017,42093.6,2016
Total,Germany,2018,42094,2017
Total,Germany,2019,42427.3,2018
Total,Germany,2020,41806.1,2019
Total,Germany,2021,41582.6,2020
Total,Germany,2022,42299.3,2021
Total,Germany,2023,42708.7,2022
Total,Denmark,1995,2775.1,2023
Total,Denmark,1996,2791,2024
Total,Denmark,1997,2801,2025
Total,Denmark,1998,2793.2,2026
Total,Denmark,1999,2839,2027
Total,Denmark,2000,2822.5,2028
Total,Denmark,2001,2797.6,2029
Total,Denmark,2002,2821.8,2030
Total,Denmark,2003,2819,2031
Total,Denmark,2004,2855.8,2032
Total,Denmark,2005,2845.7,2033
Total,Denmark,2006,2875.3,2034
Total,Denmark,2007,2868.6,2035
Total,Denmark,2008,2858.7,2036
Total,Denmark,2009,2844.6,2037
Total,Denmark,2010,2821.5,2038
Total,Denmark,2011,2811.1,2039
Total,Denmark,2012,2788.2,2040
Total,Denmark,2013,2767.4,2041
Total,Denmark,2014,2776.7,2042
Total,Denmark,2015,2803.5,2043
Total,Denmark,2016,2842.4,2044
Total,Denmark,2017,2870,2045
Total,Denmark,2018,2891.6,2046
Total,Denmark,2019,2929.5,2047
Total,Denmark,2020,2922,2048
Total,Denmark,2021,2946.1,2049
Total,Denmark,2022,3000,2050
Total,Denmark,2023,3040,2051
Total,Estonia,1997,658,2052
Total,Estonia,1998,659,2053
Total,Estonia,1999,638.9,2054
Total,Estonia,2000,660.7,2055
Total,Estonia,2001,652.5,2056
Total,Estonia,2002,636.7,2057
Total,Estonia,2003,652.2,2058
Total,Estonia,2004,650.4,2059
Total,Estonia,2005,647,2060
Total,Estonia,2006,666.6,2061
Total,Estonia,2007,663.8,2062
Total,Estonia,2008,669.6,2063
Total,Estonia,2009,665.7,2064
Total,Estonia,2010,661.5,2065
Total,Estonia,2011,665.4,2066
Total,Estonia,2012,658.5,2067
Total,Estonia,2013,654.6,2068
Total,Estonia,2014,648.4,2069
Total,Estonia,2015,647.8,2070
Total,Estonia,2016,653,2071
Total,Estonia,2017,657.1,2072
Total,Estonia,2018,658.5,2073
Total,Estonia,2019,656.5,2074
Total,Estonia,2020,658.6,2075
Total,Estonia,2021,658.7,2076
Total,Estonia,2022,676.2,2077
Total,Estonia,2023,699,2078
Total,Greece,1995,4072.5,2079
Total,Greece,1996,4144.6,2080
Total,Greece,1997,4131.9,2081
Total,Greece,1998,4409,2082
Total,Greece,1999,4486.6,2083
Total,Greece,2000,4522.4,2084
Total,Greece,2001,4623.5,2085
Total,Greece,2002,4667.1,2086
Total,Greece,2003,4725.8,2087
Total,Greece,2004,4835.5,2088
Total,Greece,2005,4852.8,2089
Total,Greece,2006,4887.4,2090
Total,Greece,2007,4893.5,2091
Total,Greece,2008,4910,2092
Total,Greece,2009,4953.2,2093
Total,Greece,2010,4944.6,2094
Total,Greece,2011,4858.9,2095
Total,Greece,2012,4828.4,2096
Total,Greece,2013,4784,2097
Total,Greece,2014,4747.1,2098
Total,Greece,2015,4738,2099
Total,Greece,2016,4732,2100
Total,Greece,2017,4700.5,2101
Total,Greece,2018,4657,2102
Total,Greece,2019,4634.2,2103
Total,Greece,2020,4526.3,2104
Total,Greece,2021,4491.6,2105
Total,Greece,2022,4609.1,2106
Total,Greece,2023,4591,2107
Total,Spain,1995,16034.8,2108
Total,Spain,1996,16311.7,2109
Total,Spain,1997,16645.9,2110
Total,Spain,1998,16890.5,2111
Total,Spain,1999,17194.2,2112
Total,Spain,2000,17799.9,2113
Total,Spain,2001,17821.2,2114
Total,Spain,2002,18764.7,2115
Total,Spain,2003,19525.1,2116
Total,Spain,2004,20149.5,2117
Total,Spain,2005,20998.3,2118
Total,Spain,2006,21630.6,2119
Total,Spain,2007,22280.9,2120
Total,Spain,2008,22908.5,2121
Total,Spain,2009,23106.7,2122
Total,Spain,2010,23210,2123
Total,Spain,2011,23280.4,2124
Total,Spain,2012,23281.4,2125
Total,Spain,2013,23043.4,2126
Total,Spain,2014,22813.6,2127
Total,Spain,2015,22767.1,2128
Total,Spain,2016,22656.5,2129
Total,Spain,2017,22558,2130
Total,Spain,2018,22606.5,2131
Total,Spain,2019,22803.5,2132
Total,Spain,2020,22474.7,2133
Total,Spain,2021,23005.8,2134
Total,Spain,2022,23294.8,2135
Total,Spain,2023,23765.3,2136
Total,Finland,1995,2407.1,2137
Total,Finland,1996,2426.2,2138
Total,Finland,1997,2476.3,2139
Total,Finland,1998,2494.7,2140
Total,Finland,1999,2626.9,2141
Total,Finland,2000,2646.6,2142
Total,Finland,2001,2661.6,2143
Total,Finland,2002,2669.1,2144
Total,Finland,2003,2661.2,2145
Total,Finland,2004,2642.8,2146
Total,Finland,2005,2597.2,2147
Total,Finland,2006,2620.4,2148
Total,Finland,2007,2641.8,2149
Total,Finland,2008,2669,2150
Total,Finland,2009,2644.1,2151
Total,Finland,2010,2634.2,2152
Total,Finland,2011,2636.9,2153
Total,Finland,2012,2637.2,2154
Total,Finland,2013,2621.8,2155
Total,Finland,2014,2617.1,2156
Total,Finland,2015,2619.3,2157
Total,Finland,2016,2615.1,2158
Total,Finland,2017,2635.4,2159
Total,Finland,2018,2665.3,2160
Total,Finland,2019,2669.4,2161
Total,Finland,2020,2662,2162
Total,Finland,2021,2679,2163
Total,Finland,2022,2713.5,2164
Total,Finland,2023,2731.7,2165
Total,France,1995,24721.2,2166
Total,France,1996,24999.7,2167
Total,France,1997,25004.2,2168
Total,France,1998,25193,2169
Total,France,1999,25476.7,2170
Total,France,2000,25660.3,2171
Total,France,2001,25814,2172
Total,France,2002,26059.5,2173
Total,France,2003,26740.9,2174
Total,France,2004,26879.7,2175
Total,France,2005,27192.2,2176
Total,France,2006,27369,2177
Total,France,2007,27579.2,2178
Total,France,2008,27759.4,2179
Total,France,2009,27997.9,2180
Total,France,2010,28081.9,2181
Total,France,2011,28050.6,2182
Total,France,2012,28242.4,2183
Total,France,2013,28377.2,2184
Total,France,2014,29121.1,2185
Total,France,2015,29182,2186
Total,France,2016,29199.9,2187
Total,France,2017,29206.5,2188
Total,France,2018,29316.3,2189
Total,France,2019,29192.4,2190
Total,France,2020,28901.9,2191
Total,France,2021,29620.1,2192
Total,France,2022,30029.4,2193
Total,France,2023,30252.8,2194
Total,Croatia,2002,1741.8,2195
Total,Croatia,2003,1732.6,2196
Total,Croatia,2004,1771.9,2197
Total,Croatia,2005,1737.6,2198
Total,Croatia,2006,1724.5,2199
Total,Croatia,2007,1884.2,2200
Total,Croatia,2008,1890,2201
Total,Croatia,2009,1886.1,2202
Total,Croatia,2010,1870.8,2203
Total,Croatia,2011,1840.7,2204
Total,Croatia,2012,1813,2205
Total,Croatia,2013,1790.5,2206
Total,Croatia,2014,1831.5,2207
Total,Croatia,2015,1826,2208
Total,Croatia,2016,1755.6,2209
Total,Croatia,2017,1734.5,2210
Total,Croatia,2018,1694.7,2211
Total,Croatia,2019,1672.5,2212
Total,Croatia,2020,1664.9,2213
Total,Croatia,2021,1685.3,2214
Total,Croatia,2022,1695.9,2215
Total,Croatia,2023,1694.6,2216
Total,Hungary,1996,3953.5,2217
Total,Hungary,1997,3910.3,2218
Total,Hungary,1998,3975,2219
Total,Hungary,1999,4044.2,2220
Total,Hungary,2000,4048.4,2221
Total,Hungary,2001,4073,2222
Total,Hungary,2002,4076.7,2223
Total,Hungary,2003,4140.5,2224
Total,Hungary,2004,4109.9,2225
Total,Hungary,2005,4180,2226
Total,Hungary,2006,4222,2227
Total,Hungary,2007,4184.4,2228
Total,Hungary,2008,4144,2229
Total,Hungary,2009,4134.7,2230
Total,Hungary,2010,4170.6,2231
Total,Hungary,2011,4190,2232
Total,Hungary,2012,4264.9,2233
Total,Hungary,2013,4300.2,2234
Total,Hungary,2014,4412.6,2235
Total,Hungary,2015,4482.7,2236
Total,Hungary,2016,4543.2,2237
Total,Hungary,2017,4564.9,2238
Total,Hungary,2018,4570.8,2239
Total,Hungary,2019,4577,2240
Total,Hungary,2020,4541.6,2241
Total,Hungary,2021,4701.5,2242
Total,Hungary,2022,4732.3,2243
Total,Hungary,2023,4775.3,2244
Total,Ireland,1995,1400.4,2245
Total,Ireland,1996,1447.8,2246
Total,Ireland,1997,1495.9,2247
Total,Ireland,1998,1584.4,2248
Total,Ireland,1999,1652.9,2249
Total,Ireland,2000,1712.5,2250
Total,Ireland,2001,1753.7,2251
Total,Ireland,2002,1805.4,2252
Total,Ireland,2003,1841.9,2253
Total,Ireland,2004,1887.7,2254
Total,Ireland,2005,2003.6,2255
Total,Ireland,2006,2098.8,2256
Total,Ireland,2007,2293.2,2257
Total,Ireland,2008,2311.9,2258
Total,Ireland,2009,2260.3,2259
Total,Ireland,2010,2205.5,2260
Total,Ireland,2011,2182.2,2261
Total,Ireland,2012,2173.5,2262
Total,Ireland,2013,2192.4,2263
Total,Ireland,2014,2199.3,2264
Total,Ireland,2015,2219.7,2265
Total,Ireland,2016,2260,2266
Total,Ireland,2017,2281.9,2267
Total,Ireland,2018,2316.4,2268
Total,Ireland,2019,2358.3,2269
Total,Ireland,2020,2339.1,2270
Total,Ireland,2021,2482.4,2271
Total,Ireland,2022,2609.7,2272
Total,Ireland,2023,2689.6,2273
Total,Iceland,1995,140.1,2274
Total,Iceland,1996,138.1,2275
Total,Iceland,1997,137.5,2276
Total,Iceland,1998,142.1,2277
Total,Iceland,1999,146.7,2278
Total,Iceland,2000,153,2279
Total,Iceland,2001,154.8,2280
Total,Iceland,2002,154.7,2281
Total,Iceland,2003,157.8,2282
Total,Iceland,2004,157.2,2283
Total,Iceland,2005,158,2284
Total,Iceland,2006,166.8,2285
Total,Iceland,2007,173.5,2286
Total,Iceland,2008,175.9,2287
Total,Iceland,2009,172.4,2288
Total,Iceland,2010,172.1,2289
Total,Iceland,2011,171.4,2290
Total,Iceland,2012,171.3,2291
Total,Iceland,2013,175,2292
Total,Iceland,2014,177.9,2293
Total,Iceland,2015,181.4,2294
Total,Iceland,2016,185.5,2295
Total,Iceland,2017,188.7,2296
Total,Iceland,2018,193,2297
Total,Iceland,2019,197.8,2298
Total,Iceland,2020,195.7,2299
Total,Iceland,2021,198,2300
Total,Iceland,2022,206.9,2301
Total,Iceland,2023,215.4,2302
Total,Italy,1995,22293.9,2303
Total,Italy,1996,22459.1,2304
Total,Italy,1997,22590.6,2305
Total,Italy,1998,22850.8,2306
Total,Italy,1999,23011.8,2307
Total,Italy,2000,23156.2,2308
Total,Italy,2001,23307.4,2309
Total,Italy,2002,23617.1,2310
Total,Italy,2003,23855.6,2311
Total,Italy,2004,23950.8,2312
Total,Italy,2005,23933.4,2313
Total,Italy,2006,24037.6,2314
Total,Italy,2007,23995.8,2315
Total,Italy,2008,24356.5,2316
Total,Italy,2009,24226.8,2317
Total,Italy,2010,24202.9,2318
Total,Italy,2011,24272.1,2319
Total,Italy,2012,24832.4,2320
Total,Italy,2013,24816.3,2321
Total,Italy,2014,25039.3,2322
Total,Italy,2015,24996.9,2323
Total,Italy,2016,25243.2,2324
Total,Italy,2017,25339.6,2325
Total,Italy,2018,25049.4,2326
Total,Italy,2019,24988.1,2327
Total,Italy,2020,24220.1,2328
Total,Italy,2021,24197.5,2329
Total,Italy,2022,24421.4,2330
Total,Italy,2023,24766.1,2331
Total,Lithuania,1998,1689.4,2332
Total,Lithuania,1999,1687,2333
Total,Lithuania,2000,1650.1,2334
Total,Lithuania,2001,1620.9,2335
Total,Lithuania,2002,1607.9,2336
Total,Lithuania,2003,1657.9,2337
Total,Lithuania,2004,1576.5,2338
Total,Lithuania,2005,1543.9,2339
Total,Lithuania,2006,1492.3,2340
Total,Lithuania,2007,1486.9,2341
Total,Lithuania,2008,1484.3,2342
Total,Lithuania,2009,1499.6,2343
Total,Lithuania,2010,1494.1,2344
Total,Lithuania,2011,1453.5,2345
Total,Lithuania,2012,1441,2346
Total,Lithuania,2013,1436.4,2347
Total,Lithuania,2014,1445.5,2348
Total,Lithuania,2015,1434.2,2349
Total,Lithuania,2016,1433.2,2350
Total,Lithuania,2017,1408.4,2351
Total,Lithuania,2018,1413.2,2352
Total,Lithuania,2019,1416,2353
Total,Lithuania,2020,1423,2354
Total,Lithuania,2021,1414.4,2355
Total,Lithuania,2022,1443.9,2356
Total,Lithuania,2023,1473.1,2357
Total,Luxembourg,1995,165.9,2358
Total,Luxembourg,1996,169.8,2359
Total,Luxembourg,1997,172.3,2360
Total,Luxembourg,1998,174.5,2361
Total,Luxembourg,1999,179.7,2362
Total,Luxembourg,2000,184.3,2363
Total,Luxembourg,2001,188.3,2364
Total,Luxembourg,2002,192.6,2365
Total,Luxembourg,2003,193.4,2366
Total,Luxembourg,2004,198.1,2367
Total,Luxembourg,2005,202.3,2368
Total,Luxembourg,2006,204.6,2369
Total,Luxembourg,2007,211.2,2370
Total,Luxembourg,2008,212.6,2371
Total,Luxembourg,2009,226.5,2372
Total,Luxembourg,2010,228.7,2373
Total,Luxembourg,2011,234,2374
Total,Luxembourg,2012,246.5,2375
Total,Luxembourg,2013,250.9,2376
Total,Luxembourg,2014,258,2377
Total,Luxembourg,2015,273.5,2378
Total,Luxembourg,2016,276.9,2379
Total,Luxembourg,2017,285.7,2380
Total,Luxembourg,2018,294.9,2381
Total,Luxembourg,2019,304.4,2382
Total,Luxembourg,2020,311.2,2383
Total,Luxembourg,2021,319.7,2384
Total,Luxembourg,2022,323.6,2385
Total,Luxembourg,2023,335.2,2386
Total,Latvia,1998,1122.4,2387
Total,Latvia,1999,1095.1,2388
Total,Latvia,2000,1073.8,2389
Total,Latvia,2001,1060,2390
Total,Latvia,2002,1076.3,2391
Total,Latvia,2003,1060.7,2392
Total,Latvia,2004,1053.3,2393
Total,Latvia,2005,1048.9,2394
Total,Latvia,2006,1068.6,2395
Total,Latvia,2007,1082.6,2396
Total,Latvia,2008,1096.9,2397
Total,Latvia,2009,1068.7,2398
Total,Latvia,2010,1033.6,2399
Total,Latvia,2011,1006.7,2400
Total,Latvia,2012,1006.2,2401
Total,Latvia,2013,985.9,2402
Total,Latvia,2014,965.8,2403
Total,Latvia,2015,965.2,2404
Total,Latvia,2016,957.1,2405
Total,Latvia,2017,946.2,2406
Total,Latvia,2018,945.1,2407
Total,Latvia,2019,930.8,2408
Total,Latvia,2020,930.5,2409
Total,Latvia,2021,892.2,2410
Total,Latvia,2022,904.2,2411
Total,Latvia,2023,894,2412
Total,Montenegro,2011,241.1,2413
Total,Montenegro,2012,248.1,2414
Total,Montenegro,2013,248.7,2415
Total,Montenegro,2014,260.5,2416
Total,Montenegro,2015,264,2417
Total,Montenegro,2016,267.4,2418
Total,Montenegro,2017,267.7,2419
Total,Montenegro,2018,273.5,2420
Total,Montenegro,2019,280.4,2421
Total,Montenegro,2020,261,2422
Total,North Macedonia,2006,884,2423
Total,North Macedonia,2007,899.2,2424
Total,North Macedonia,2008,911.6,2425
Total,North Macedonia,2009,921,2426
Total,North Macedonia,2010,930,2427
Total,North Macedonia,2011,933.4,2428
Total,North Macedonia,2012,935.2,2429
Total,North Macedonia,2013,949.7,2430
Total,North Macedonia,2014,953.9,2431
Total,North Macedonia,2015,946.1,2432
Total,North Macedonia,2016,938.9,2433
Total,North Macedonia,2017,946.8,2434
Total,North Macedonia,2018,946.4,2435
Total,North Macedonia,2019,954.5,2436
Total,North Macedonia,2020,939.9,2437
Total,Malta,2000,152.1,2438
Total,Malta,2001,157.5,2439
Total,Malta,2002,158.9,2440
Total,Malta,2003,159.9,2441
Total,Malta,2004,156.8,2442
Total,Malta,2005,159.4,2443
Total,Malta,2006,161.2,2444
Total,Malta,2007,165.3,2445
Total,Malta,2008,167.8,2446
Total,Malta,2009,169.7,2447
Total,Malta,2010,172.4,2448
Total,Malta,2011,175.8,2449
Total,Malta,2012,182.1,2450
Total,Malta,2013,190.4,2451
Total,Malta,2014,198.3,2452
Total,Malta,2015,205.6,2453
Total,Malta,2016,214.7,2454
Total,Malta,2017,226,2455
Total,Malta,2018,242.5,2456
Total,Malta,2019,257.6,2457
Total,Malta,2020,266.6,2458
Total,Malta,2021,270.8,2459
Total,Malta,2022,287.4,2460
Total,Malta,2023,307.3,2461
Total,Netherlands,1995,7250.4,2462
Total,Netherlands,1996,7349.3,2463
Total,Netherlands,1997,7545,2464
Total,Netherlands,1998,7687.3,2465
Total,Netherlands,1999,7837.4,2466
Total,Netherlands,2000,8026.7,2467
Total,Netherlands,2001,8170.5,2468
Total,Netherlands,2002,8305.5,2469
Total,Netherlands,2003,8352.6,2470
Total,Netherlands,2004,8395.3,2471
Total,Netherlands,2005,8212.5,2472
Total,Netherlands,2006,8253.9,2473
Total,Netherlands,2007,8411.5,2474
Total,Netherlands,2008,8554.2,2475
Total,Netherlands,2009,8598,2476
Total,Netherlands,2010,8578.2,2477
Total,Netherlands,2011,8582.3,2478
Total,Netherlands,2012,8684.2,2479
Total,Netherlands,2013,8742.5,2480
Total,Netherlands,2014,8677,2481
Total,Netherlands,2015,8719,2482
Total,Netherlands,2016,8753.7,2483
Total,Netherlands,2017,8804.7,2484
Total,Netherlands,2018,8883.6,2485
Total,Netherlands,2019,8992.7,2486
Total,Netherlands,2020,9030.3,2487
Total,Netherlands,2021,9371.6,2488
Total,Netherlands,2022,9569.2,2489
Total,Netherlands,2023,9731.7,2490
Total,Norway,1995,2143.6,2491
Total,Norway,1996,2185.9,2492
Total,Norway,1997,2240.3,2493
Total,Norway,1998,2287.8,2494
Total,Norway,1999,2293.7,2495
Total,Norway,2000,2319,2496
Total,Norway,2001,2328.2,2497
Total,Norway,2002,2353.8,2498
Total,Norway,2003,2324.2,2499
Total,Norway,2004,2334,2500
Total,Norway,2005,2347,2501
Total,Norway,2006,2389.8,2502
Total,Norway,2007,2445.1,2503
Total,Norway,2008,2522.9,2504
Total,Norway,2009,2516.7,2505
Total,Norway,2010,2522.4,2506
Total,Norway,2011,2544.2,2507
Total,Norway,2012,2588.5,2508
Total,Norway,2013,2611.4,2509
Total,Norway,2014,2630.8,2510
Total,Norway,2015,2662.2,2511
Total,Norway,2016,2673.3,2512
Total,Norway,2017,2663.4,2513
Total,Norway,2018,2692.9,2514
Total,Norway,2019,2718.7,2515
Total,Norway,2020,2728.5,2516
Total,Norway,2021,2784,2517
Total,Norway,2022,2823.7,2518
Total,Norway,2023,2859.1,2519
Total,Poland,1997,16490.1,2520
Total,Poland,1998,16563.7,2521
Total,Poland,1999,16607.7,2522
Total,Poland,2000,16959.9,2523
Total,Poland,2001,17108.1,2524
Total,Poland,2002,16933.9,2525
Total,Poland,2003,16657,2526
Total,Poland,2004,16641.3,2527
Total,Poland,2005,16873.5,2528
Total,Poland,2006,16678.9,2529
Total,Poland,2007,16610.3,2530
Total,Poland,2008,16764.6,2531
Total,Poland,2009,17038.7,2532
Total,Poland,2010,16878.6,2533
Total,Poland,2011,16968.2,2534
Total,Poland,2012,17085.5,2535
Total,Poland,2013,17101.3,2536
Total,Poland,2014,17152.7,2537
Total,Poland,2015,17111.7,2538
Total,Poland,2016,16960.9,2539
Total,Poland,2017,16919.2,2540
Total,Poland,2018,16789.9,2541
Total,Poland,2019,17113,2542
Total,Poland,2020,17105.8,2543
Total,Poland,2021,17339.7,2544
Total,Poland,2022,17317.9,2545
Total,Poland,2023,17362.9,2546
Total,Portugal,1995,4545,2547
Total,Portugal,1996,4540.3,2548
Total,Portugal,1997,4571.2,2549
Total,Portugal,1998,4826.1,2550
Total,Portugal,1999,4878.1,2551
Total,Portugal,2000,4922.9,2552
Total,Portugal,2001,5001.8,2553
Total,Portugal,2002,5079.7,2554
Total,Portugal,2003,5102.7,2555
Total,Portugal,2004,5091.7,2556
Total,Portugal,2005,5136.3,2557
Total,Portugal,2006,5170.9,2558
Total,Portugal,2007,5196,2559
Total,Portugal,2008,5203.2,2560
Total,Portugal,2009,5161.2,2561
Total,Portugal,2010,5166,2562
Total,Portugal,2011,5133,2563
Total,Portugal,2012,5077.3,2564
Total,Portugal,2013,5006.5,2565
Total,Portugal,2014,4975.8,2566
Total,Portugal,2015,4952.2,2567
Total,Portugal,2016,4949.7,2568
Total,Portugal,2017,4983.5,2569
Total,Portugal,2018,4988.3,2570
Total,Portugal,2019,4997.2,2571
Total,Portugal,2020,4903,2572
Total,Portugal,2021,4936.8,2573
Total,Portugal,2022,5046,2574
Total,Portugal,2023,5167.4,2575
Total,Romania,1997,10828.9,2576
Total,Romania,1998,10675.2,2577
Total,Romania,1999,10602.8,2578
Total,Romania,2000,10581,2579
Total,Romania,2001,10432.6,2580
Total,Romania,2002,9836.5,2581
Total,Romania,2003,9464.1,2582
Total,Romania,2004,9563.3,2583
Total,Romania,2005,9355.5,2584
Total,Romania,2006,9565.5,2585
Total,Romania,2007,9482.7,2586
Total,Romania,2008,9457.4,2587
Total,Romania,2009,9485.2,2588
Total,Romania,2010,8957.9,2589
Total,Romania,2011,8798.7,2590
Total,Romania,2012,8848.6,2591
Total,Romania,2013,8831.8,2592
Total,Romania,2014,8882.7,2593
Total,Romania,2015,8858.2,2594
Total,Romania,2016,8695.7,2595
Total,Romania,2017,8811.9,2596
Total,Romania,2018,8761,2597
Total,Romania,2019,8760.7,2598
Total,Romania,2020,8723,2599
Total,Romania,2021,8124.5,2600
Total,Romania,2022,8191.1,2601
Total,Romania,2023,8066.8,2602
Total,Serbia,2010,2840.2,2603
Total,Serbia,2011,2828.9,2604
Total,Serbia,2012,2831,2605
Total,Serbia,2013,2838.9,2606
Total,Serbia,2014,3048.7,2607
Total,Serbia,2015,3019.9,2608
Total,Serbia,2016,3067.8,2609
Total,Serbia,2017,3080.8,2610
Total,Serbia,2018,3096.4,2611
Total,Serbia,2019,3067.9,2612
Total,Serbia,2020,3009.9,2613
Total,Serbia,2021,2986.2,2614
Total,Serbia,2022,3001,2615
Total,Serbia,2023,3002.7,2616
Total,Sweden,1995,4376.2,2617
Total,Sweden,1996,4346,2618
Total,Sweden,1997,4312.2,2619
Total,Sweden,1998,4271.4,2620
Total,Sweden,1999,4330.6,2621
Total,Sweden,2000,4288,2622
Total,Sweden,2001,4480.7,2623
Total,Sweden,2002,4498.3,2624
Total,Sweden,2003,4533.9,2625
Total,Sweden,2004,4548.8,2626
Total,Sweden,2005,4613.5,2627
Total,Sweden,2006,4686.9,2628
Total,Sweden,2007,4749.9,2629
Total,Sweden,2008,4797.1,2630
Total,Sweden,2009,4798.7,2631
Total,Sweden,2010,4826.8,2632
Total,Sweden,2011,4887,2633
Total,Sweden,2012,4909.3,2634
Total,Sweden,2013,4963.2,2635
Total,Sweden,2014,5004.8,2636
Total,Sweden,2015,5043.8,2637
Total,Sweden,2016,5100.2,2638
Total,Sweden,2017,5190.1,2639
Total,Sweden,2018,5251.4,2640
Total,Sweden,2019,5310.2,2641
Total,Sweden,2020,5316.5,2642
Total,Sweden,2021,5326.7,2643
Total,Sweden,2022,5408.9,2644
Total,Sweden,2023,5488.9,2645
Total,Slovenia,1996,920.4,2646
Total,Slovenia,1997,932.2,2647
Total,Slovenia,1998,950,2648
Total,Slovenia,1999,932.7,2649
Total,Slovenia,2000,939.3,2650
Total,Slovenia,2001,945.2,2651
Total,Slovenia,2002,958,2652
Total,Slovenia,2003,939.1,2653
Total,Slovenia,2004,984.8,2654
Total,Slovenia,2005,990.9,2655
Total,Slovenia,2006,997.5,2656
Total,Slovenia,2007,1006.9,2657
Total,Slovenia,2008,1020.7,2658
Total,Slovenia,2009,1015.8,2659
Total,Slovenia,2010,1016.9,2660
Total,Slovenia,2011,998.1,2661
Total,Slovenia,2012,996.1,2662
Total,Slovenia,2013,989.9,2663
Total,Slovenia,2014,990.6,2664
Total,Slovenia,2015,991.9,2665
Total,Slovenia,2016,982.1,2666
Total,Slovenia,2017,1010.9,2667
Total,Slovenia,2018,1014.6,2668
Total,Slovenia,2019,1015.4,2669
Total,Slovenia,2020,1015.9,2670
Total,Slovenia,2021,1002.2,2671
Total,Slovenia,2022,1006.9,2672
Total,Slovenia,2023,1006.8,2673
Total,Slovakia,1998,2498.9,2674
Total,Slovakia,1999,2524.4,2675
Total,Slovakia,2000,2567.9,2676
Total,Slovakia,2001,2618.2,2677
Total,Slovakia,2002,2591.4,2678
Total,Slovakia,2003,2607.3,2679
Total,Slovakia,2004,2631.7,2680
Total,Slovakia,2005,2636.3,2681
Total,Slovakia,2006,2650.5,2682
Total,Slovakia,2007,2645.9,2683
Total,Slovakia,2008,2679,2684
Total,Slovakia,2009,2679.9,2685
Total,Slovakia,2010,2696.1,2686
Total,Slovakia,2011,2667.9,2687
Total,Slovakia,2012,2694.8,2688
Total,Slovakia,2013,2703.3,2689
Total,Slovakia,2014,2707.1,2690
Total,Slovakia,2015,2718.9,2691
Total,Slovakia,2016,2738,2692
Total,Slovakia,2017,2725.5,2693
Total,Slovakia,2018,2712.6,2694
Total,Slovakia,2019,2701.5,2695
Total,Slovakia,2020,2671.9,2696
Total,Slovakia,2021,2708.9,2697
Total,Slovakia,2022,2729.6,2698
Total,Slovakia,2023,2721.6,2699
Total,Türkiye,2006,21832.6,2700
Total,Türkiye,2007,22235.5,2701
Total,Türkiye,2008,22908,2702
Total,Türkiye,2009,23744.4,2703
Total,Türkiye,2010,24690.6,2704
Total,Türkiye,2011,25768.5,2705
Total,Türkiye,2012,26367.5,2706
Total,Türkiye,2013,27290.3,2707
Total,Türkiye,2014,28086.1,2708
Total,Türkiye,2015,28903.3,2709
Total,Türkiye,2016,29761.2,2710
Total,Türkiye,2017,30796.9,2711
Total,Türkiye,2018,31370,2712
Total,Türkiye,2019,31648.3,2713
Total,Türkiye,2020,30076.8,2714
Total,Türkiye,2021,31816.5,2715
Total,Türkiye,2022,33314.8,2716
Total,Türkiye,2023,33844.5,2717
Total,United Kingdom,1995,28005.2,2718
Total,United Kingdom,1996,28190.4,2719
Total,United Kingdom,1997,28333.3,2720
Total,United Kingdom,1998,28383.3,2721
Total,United Kingdom,1999,28126.8,2722
Total,United Kingdom,2000,28401.2,2723
Total,United Kingdom,2001,28462.7,2724
Total,United Kingdom,2002,28710.8,2725
Total,United Kingdom,2003,28922.3,2726
Total,United Kingdom,2004,29113.3,2727
Total,United Kingdom,2005,29584,2728
Total,United Kingdom,2006,30045.4,2729
Total,United Kingdom,2007,30235.8,2730
Total,United Kingdom,2008,30569.2,2731
Total,United Kingdom,2009,30666.1,2732
Total,United Kingdom,2010,30727.9,2733
Total,United Kingdom,2011,30943.2,2734
Total,United Kingdom,2012,31160.5,2735
Total,United Kingdom,2013,31333.1,2736
Total,United Kingdom,2014,31532.3,2737
Total,United Kingdom,2015,31745.6,2738
Total,United Kingdom,2016,32024.6,2739
Total,United Kingdom,2017,32215,2740
Total,United Kingdom,2018,32441.9,2741
Total,United Kingdom,2019,32631,2742